"path","artifact_class","physical_owner","proposed_module","audit_state"
".dockerignore","repository-root",".","","unreviewed"
".gitattributes","repository-root",".","","unreviewed"
".githooks/pre-commit","repository-hook",".githooks","","unreviewed"
".github/workflows/quality.yml","ci-config",".github/workflows","","unreviewed"
".gitignore","repository-root",".","","unreviewed"
"AGENTS.md","repository-root",".","","unreviewed"
"CONTEXT.md","repository-root",".","","unreviewed"
"CONTRIBUTING.md","repository-root",".","","unreviewed"
"LICENSE","repository-root",".","","unreviewed"
"Makefile","repository-root",".","","unreviewed"
"README.md","repository-root",".","","unreviewed"
"cmd/ardents-control/alpha_control_fixture_test.go","go-test","cmd/ardents-control","","unreviewed"
"cmd/ardents-control/closed_issuer_inspection.go","production-go","cmd/ardents-control","closed profile command adapter","command-surface-pass"
"cmd/ardents-control/closed_issuer_inspection_test.go","go-test","cmd/ardents-control","","unreviewed"
"cmd/ardents-control/closed_profile.go","production-go","cmd/ardents-control","closed profile command adapter","command-surface-pass"
"cmd/ardents-control/doc.go","production-go","cmd/ardents-control","control command dispatch and inspection","command-surface-pass"
"cmd/ardents-control/inspection_report.go","production-go","cmd/ardents-control","control inspection report","command-surface-pass"
"cmd/ardents-control/inspection_report_test.go","go-test","cmd/ardents-control","","unreviewed"
"cmd/ardents-control/main.go","production-go","cmd/ardents-control","control command dispatch and inspection","command-surface-pass"
"cmd/ardents-control/main_test.go","go-test","cmd/ardents-control","","unreviewed"
"cmd/ardents-custody/admission_authority.go","production-go","cmd/ardents-custody","admission Authority command adapter","behavior-source-traced"
"cmd/ardents-custody/admission_permission_client_linux_test.go","go-test","cmd/ardents-custody","","unreviewed"
"cmd/ardents-custody/command.go","production-go","cmd/ardents-custody","Custody command dispatch","command-surface-pass"
"cmd/ardents-custody/credential_response_publication.go","production-go","cmd/ardents-custody","Credential response publication adapter","behavior-source-traced"
"cmd/ardents-custody/credential_response_publication_nonwindows.go","production-go","cmd/ardents-custody","Credential response publication adapter","command-surface-pass"
"cmd/ardents-custody/credential_response_publication_windows.go","production-go","cmd/ardents-custody","Credential response publication adapter","command-surface-pass"
"cmd/ardents-custody/doc.go","production-go","cmd/ardents-custody","Custody command dispatch","command-surface-pass"
"cmd/ardents-custody/inspect_envelope.go","production-go","cmd/ardents-custody","Custody envelope inspection adapter","command-surface-pass"
"cmd/ardents-custody/main.go","production-go","cmd/ardents-custody","Custody command dispatch","command-surface-pass"
"cmd/ardents-custody/main_test.go","go-test","cmd/ardents-custody","","unreviewed"
"cmd/ardents-custody/purge_record.go","production-go","cmd/ardents-custody","Custody record purge adapter","command-surface-pass"
"cmd/ardents-custody/recovery_bundle.go","production-go","cmd/ardents-custody","Custody recovery Bundle adapter","command-surface-pass"
"cmd/ardents-custody/service_authority.go","production-go","cmd/ardents-custody","Service Authority command adapter","behavior-source-traced"
"cmd/ardents-custody/terminal_secret.go","production-go","cmd/ardents-custody","Custody terminal secret input","command-surface-pass"
"cmd/ardents-custody/verify_record.go","production-go","cmd/ardents-custody","Custody record verification adapter","command-surface-pass"
"cmd/ardents-node/closed_forwarding_plan_test.go","go-test","cmd/ardents-node","","unreviewed"
"cmd/ardents-node/closed_introduction_plan_test.go","go-test","cmd/ardents-node","","unreviewed"
"cmd/ardents-node/closed_join_plan_test.go","go-test","cmd/ardents-node","","unreviewed"
"cmd/ardents-node/closed_resolution_plan_test.go","go-test","cmd/ardents-node","","unreviewed"
"cmd/ardents-node/config.go","production-go","cmd/ardents-node","Node command dispatch and input","command-surface-pass"
"cmd/ardents-node/config_clock_test.go","go-test","cmd/ardents-node","","unreviewed"
"cmd/ardents-node/contributor_mode.go","production-go","cmd/ardents-node","Contributor retirement command adapter","command-surface-pass"
"cmd/ardents-node/contributor_mode_test.go","go-test","cmd/ardents-node","","unreviewed"
"cmd/ardents-node/doc.go","production-go","cmd/ardents-node","Node command dispatch and input","command-surface-pass"
"cmd/ardents-node/event_output.go","production-go","cmd/ardents-node","Node event output","command-surface-pass"
"cmd/ardents-node/hosting_mode.go","production-go","cmd/ardents-node","Hosting initialization command adapter","command-surface-pass"
"cmd/ardents-node/issuer_initialize.go","production-go","cmd/ardents-node","Transit Grant issuer command adapter","command-surface-pass"
"cmd/ardents-node/issuer_initialize_test.go","go-test","cmd/ardents-node","","unreviewed"
"cmd/ardents-node/main.go","production-go","cmd/ardents-node","Node command dispatch and input","command-surface-pass"
"cmd/ardents-node/main_test.go","go-test","cmd/ardents-node","","unreviewed"
"cmd/ardents-node/node_config.go","production-go","cmd/ardents-node","Node duty command runtime","command-surface-pass"
"cmd/ardents-node/node_credential_test.go","go-test","cmd/ardents-node","","unreviewed"
"cmd/ardents-node/node_duty_retirement_test.go","go-test","cmd/ardents-node","","unreviewed"
"cmd/ardents-node/node_event_output.go","production-go","cmd/ardents-node","Node duty command runtime","command-surface-pass"
"cmd/ardents-node/node_event_output_test.go","go-test","cmd/ardents-node","","unreviewed"
"cmd/ardents-node/node_identity.go","production-go","cmd/ardents-node","Node duty command runtime","command-surface-pass"
"cmd/ardents-node/node_mode.go","production-go","cmd/ardents-node","Node duty command runtime","command-surface-pass"
"cmd/ardents-node/node_network_plan.go","production-go","cmd/ardents-node","Node duty command runtime","command-surface-pass"
"cmd/ardents-node/node_profile_identity_migration_test.go","go-test","cmd/ardents-node","","unreviewed"
"cmd/ardents-node/operator_input.go","production-go","cmd/ardents-node","Node command dispatch and input","command-surface-pass"
"cmd/ardents-node/source_profile_retirement_test.go","go-test","cmd/ardents-node","","unreviewed"
"cmd/ardents-node/source_runtime.go","production-go","cmd/ardents-node","Source command runtime","command-surface-pass"
"cmd/ardents-node/source_runtime_test.go","go-test","cmd/ardents-node","","unreviewed"
"cmd/ardents-node/systemd_linux.go","production-go","cmd/ardents-node","Node process supervisor and termination adapter","command-surface-pass"
"cmd/ardents-node/systemd_other.go","production-go","cmd/ardents-node","Node process supervisor and termination adapter","command-surface-pass"
"cmd/ardents-node/termination_linux.go","production-go","cmd/ardents-node","Node process supervisor and termination adapter","command-surface-pass"
"cmd/ardents-node/termination_linux_test.go","go-test","cmd/ardents-node","","unreviewed"
"cmd/ardents-node/termination_other.go","production-go","cmd/ardents-node","Node process supervisor and termination adapter","command-surface-pass"
"cmd/ardents-node/termination_windows.go","production-go","cmd/ardents-node","Node process supervisor and termination adapter","command-surface-pass"
"cmd/ardents-qualification/completed_evidence_linux.go","production-go","cmd/ardents-qualification","installed qualification command and evidence adapter","command-surface-pass"
"cmd/ardents-qualification/doc.go","production-go","cmd/ardents-qualification","installed qualification command and evidence adapter","command-surface-pass"
"cmd/ardents-qualification/endpoint_artifact_linux.go","production-go","cmd/ardents-qualification","installed qualification command and evidence adapter","command-surface-pass"
"cmd/ardents-qualification/environment_linux.go","production-go","cmd/ardents-qualification","installed qualification command and evidence adapter","command-surface-pass"
"cmd/ardents-qualification/evidence_journal_linux.go","production-go","cmd/ardents-qualification","installed qualification command and evidence adapter","command-surface-pass"
"cmd/ardents-qualification/evidence_journal_linux_test.go","go-test","cmd/ardents-qualification","","unreviewed"
"cmd/ardents-qualification/evidence_reader_linux.go","production-go","cmd/ardents-qualification","installed qualification command and evidence adapter","command-surface-pass"
"cmd/ardents-qualification/evidence_reader_linux_test.go","go-test","cmd/ardents-qualification","","unreviewed"
"cmd/ardents-qualification/failed_net14v_linux.go","production-go","cmd/ardents-qualification","installed qualification command and evidence adapter","command-surface-pass"
"cmd/ardents-qualification/failed_net14v_linux_test.go","go-test","cmd/ardents-qualification","","unreviewed"
"cmd/ardents-qualification/identity_linux.go","production-go","cmd/ardents-qualification","installed qualification command and evidence adapter","command-surface-pass"
"cmd/ardents-qualification/issue60_evidence_linux.go","production-go","cmd/ardents-qualification","installed qualification command and evidence adapter","command-surface-pass"
"cmd/ardents-qualification/issue60_evidence_linux_test.go","go-test","cmd/ardents-qualification","","unreviewed"
"cmd/ardents-qualification/main.go","production-go","cmd/ardents-qualification","installed qualification command and evidence adapter","command-surface-pass"
"cmd/ardents-qualification/main_other.go","production-go","cmd/ardents-qualification","installed qualification command and evidence adapter","command-surface-pass"
"cmd/ardents-qualification/net14v_verdict_linux.go","production-go","cmd/ardents-qualification","installed qualification command and evidence adapter","command-surface-pass"
"cmd/ardents-qualification/net32_idle_linux.go","production-go","cmd/ardents-qualification","installed qualification command and evidence adapter","command-surface-pass"
"cmd/ardents-qualification/network_manifest_linux.go","production-go","cmd/ardents-qualification","installed qualification command and evidence adapter","command-surface-pass"
"cmd/ardents-qualification/node_results_linux.go","production-go","cmd/ardents-qualification","installed qualification command and evidence adapter","command-surface-pass"
"cmd/ardents-qualification/owner_slice_results_linux.go","production-go","cmd/ardents-qualification","installed qualification command and evidence adapter","command-surface-pass"
"cmd/ardents-qualification/paired_evidence_linux.go","production-go","cmd/ardents-qualification","installed qualification command and evidence adapter","command-surface-pass"
"cmd/ardents-qualification/paired_evidence_linux_test.go","go-test","cmd/ardents-qualification","","unreviewed"
"cmd/ardents-qualification/plan_linux.go","production-go","cmd/ardents-qualification","installed qualification command and evidence adapter","command-surface-pass"
"cmd/ardents-qualification/plan_linux_test.go","go-test","cmd/ardents-qualification","","unreviewed"
"cmd/ardents-qualification/preflight_linux.go","production-go","cmd/ardents-qualification","installed qualification command and evidence adapter","command-surface-pass"
"cmd/ardents-qualification/preflight_other.go","production-go","cmd/ardents-qualification","installed qualification command and evidence adapter","command-surface-pass"
"cmd/ardents-qualification/qualification_evidence_linux_test.go","go-test","cmd/ardents-qualification","","unreviewed"
"cmd/ardents-qualification/recovery_evidence_linux.go","production-go","cmd/ardents-qualification","installed qualification command and evidence adapter","command-surface-pass"
"cmd/ardents-qualification/relay_results_linux.go","production-go","cmd/ardents-qualification","installed qualification command and evidence adapter","command-surface-pass"
"cmd/ardents-qualification/resource_verdict_linux.go","production-go","cmd/ardents-qualification","installed qualification command and evidence adapter","command-surface-pass"
"cmd/ardents-qualification/resource_verdict_linux_test.go","go-test","cmd/ardents-qualification","","unreviewed"
"cmd/ardents-qualification/source_results_linux.go","production-go","cmd/ardents-qualification","installed qualification command and evidence adapter","command-surface-pass"
"cmd/ardents-stream-qualification/doc.go","production-go","cmd/ardents-stream-qualification","NET-14 qualification worker command","command-surface-pass"
"cmd/ardents-stream-qualification/main.go","production-go","cmd/ardents-stream-qualification","NET-14 qualification worker command","command-surface-pass"
"cmd/ardents-stream-qualification/main_test.go","go-test","cmd/ardents-stream-qualification","","unreviewed"
"cmd/ardents-text/doc.go","production-go","cmd/ardents-text","text Application command dispatch","command-surface-pass"
"cmd/ardents-text/main.go","production-go","cmd/ardents-text","text Application command dispatch","command-surface-pass"
"cmd/ardents-text/main_test.go","go-test","cmd/ardents-text","","unreviewed"
"cmd/ardents-text/published_link.go","production-go","cmd/ardents-text","text published link UI adapter","command-surface-pass"
"cmd/ardents-text/published_link_linux.go","production-go","cmd/ardents-text","text published link UI adapter","command-surface-pass"
"cmd/ardents-text/published_link_linux_test.go","go-test","cmd/ardents-text","","unreviewed"
"cmd/ardents-text/published_link_nonlinux.go","production-go","cmd/ardents-text","text published link UI adapter","command-surface-pass"
"cmd/ardents-text/publisher.go","production-go","cmd/ardents-text","text Publisher UI adapter","command-surface-pass"
"cmd/ardents-text/publisher_linux_test.go","go-test","cmd/ardents-text","","unreviewed"
"cmd/ardents-text/reader.go","production-go","cmd/ardents-text","text Reader UI adapter","command-surface-pass"
"cmd/ardents-text/reader_linux_test.go","go-test","cmd/ardents-text","","unreviewed"
"cmd/ardents-text/reader_peer_linux_test.go","go-test","cmd/ardents-text","","unreviewed"
"cmd/ardents-text/reader_process_linux_test.go","go-test","cmd/ardents-text","","unreviewed"
"cmd/ardents-text/reader_stdio_linux.go","production-go","cmd/ardents-text","text Reader UI adapter","command-surface-pass"
"cmd/ardents-text/reader_stdio_linux_test.go","go-test","cmd/ardents-text","","unreviewed"
"cmd/ardents-text/reader_stdio_other.go","production-go","cmd/ardents-text","text Reader UI adapter","command-surface-pass"
"cmd/ardents-text/reader_test.go","go-test","cmd/ardents-text","","unreviewed"
"cmd/ardents-text/worker_entrypoint_linux_test.go","go-test","cmd/ardents-text","","unreviewed"
"cmd/ardents/config.go","production-go","cmd/ardents","command input and plan decode","command-surface-pass"
"cmd/ardents/config_test.go","go-test","cmd/ardents","","unreviewed"
"cmd/ardents/diagnostic_timeline_adapter_test.go","go-test","cmd/ardents","","unreviewed"
"cmd/ardents/doc.go","production-go","cmd/ardents","ardents command dispatch","command-surface-pass"
"cmd/ardents/endpoint.go","production-go","cmd/ardents","Endpoint command and installed lifecycle adapter","command-surface-pass"
"cmd/ardents/endpoint_administration_client.go","production-go","cmd/ardents","Endpoint command and installed lifecycle adapter","command-surface-pass"
"cmd/ardents/endpoint_administration_client_test.go","go-test","cmd/ardents","","unreviewed"
"cmd/ardents/endpoint_headless.go","production-go","cmd/ardents","Endpoint command and installed lifecycle adapter","command-surface-pass"
"cmd/ardents/endpoint_headless_test.go","go-test","cmd/ardents","","unreviewed"
"cmd/ardents/endpoint_open_retirement_test.go","go-test","cmd/ardents","","unreviewed"
"cmd/ardents/endpoint_replace.go","production-go","cmd/ardents","Endpoint command and installed lifecycle adapter","command-surface-pass"
"cmd/ardents/endpoint_text_authority_test.go","go-test","cmd/ardents","","unreviewed"
"cmd/ardents/endpoint_text_linux.go","production-go","cmd/ardents","Endpoint command and installed lifecycle adapter","command-surface-pass"
"cmd/ardents/endpoint_text_nonlinux.go","production-go","cmd/ardents","Endpoint command and installed lifecycle adapter","command-surface-pass"
"cmd/ardents/endpoint_text_output_linux_test.go","go-test","cmd/ardents","","unreviewed"
"cmd/ardents/endpoint_text_plan.go","production-go","cmd/ardents","Endpoint command and installed lifecycle adapter","command-surface-pass"
"cmd/ardents/endpoint_text_plan_test.go","go-test","cmd/ardents","","unreviewed"
"cmd/ardents/endpoint_text_socket_linux.go","production-go","cmd/ardents","Endpoint command and installed lifecycle adapter","command-surface-pass"
"cmd/ardents/endpoint_user_unit.go","production-go","cmd/ardents","Endpoint command and installed lifecycle adapter","command-surface-pass"
"cmd/ardents/entry_import.go","production-go","cmd/ardents","Entry command adapter","command-surface-pass"
"cmd/ardents/entry_import_plan.go","production-go","cmd/ardents","Entry command adapter","command-surface-pass"
"cmd/ardents/entry_import_test.go","go-test","cmd/ardents","","unreviewed"
"cmd/ardents/entry_network_fixture_test.go","go-test","cmd/ardents","","unreviewed"
"cmd/ardents/event_output.go","production-go","cmd/ardents","Endpoint event output","command-surface-pass"
"cmd/ardents/input_files.go","production-go","cmd/ardents","command input and plan decode","command-surface-pass"
"cmd/ardents/main.go","production-go","cmd/ardents","ardents command dispatch","command-surface-pass"
"cmd/ardents/main_test.go","go-test","cmd/ardents","","unreviewed"
"cmd/ardents/name.go","production-go","cmd/ardents","local Name encoder and retired route refusal","command-surface-pass"
"cmd/ardents/name_retirement_fixture_test.go","go-test","cmd/ardents","","unreviewed"
"cmd/ardents/name_retirement_state_fixture_test.go","go-test","cmd/ardents","","unreviewed"
"cmd/ardents/name_retirement_test.go","go-test","cmd/ardents","","unreviewed"
"cmd/ardents/name_test.go","go-test","cmd/ardents","","unreviewed"
"cmd/ardents/offline.go","production-go","cmd/ardents","offline State admission and command dispatch","behavior-source-traced"
"cmd/ardents/operator_input.go","production-go","cmd/ardents","command input and plan decode","command-surface-pass"
"cmd/ardents/operator_input_test.go","go-test","cmd/ardents","","unreviewed"
"cmd/ardents/service_instance.go","production-go","cmd/ardents","Service Instance command adapter","behavior-source-traced"
"cmd/ardents/service_instance_test.go","go-test","cmd/ardents","","unreviewed"
"cmd/ardents/signals_unix.go","production-go","cmd/ardents","Endpoint process termination adapter","command-surface-pass"
"cmd/ardents/signals_windows.go","production-go","cmd/ardents","Endpoint process termination adapter","command-surface-pass"
"cmd/ardents/source_credentials.go","production-go","cmd/ardents","Source refresh command adapter","command-surface-pass"
"cmd/ardents/source_plan.go","production-go","cmd/ardents","Source refresh command adapter","behavior-source-traced"
"cmd/ardents/testdata/epoch.hex","source-asset","cmd/ardents/testdata","","unreviewed"
"cmd/ardents/testdata/event.jsonl","source-asset","cmd/ardents/testdata","","unreviewed"
"cmd/ardents/testdata/input-0000.hex","source-asset","cmd/ardents/testdata","","unreviewed"
"cmd/ardents/testdata/input-0001.hex","source-asset","cmd/ardents/testdata","","unreviewed"
"cmd/ardents/testdata/input-0002.hex","source-asset","cmd/ardents/testdata","","unreviewed"
"cmd/ardents/testdata/input-0003.hex","source-asset","cmd/ardents/testdata","","unreviewed"
"cmd/ardents/testdata/input-0004.hex","source-asset","cmd/ardents/testdata","","unreviewed"
"cmd/ardents/testdata/input-0005.hex","source-asset","cmd/ardents/testdata","","unreviewed"
"cmd/ardents/testdata/input-0006.hex","source-asset","cmd/ardents/testdata","","unreviewed"
"cmd/ardents/testdata/input-0007.hex","source-asset","cmd/ardents/testdata","","unreviewed"
"cmd/ardents/testdata/materialization-0000.hex","source-asset","cmd/ardents/testdata","","unreviewed"
"docs/adr/0001-public-carrier-private-services.md","decision-record","docs/adr","","unreviewed"
"docs/adr/0002-greenfield-main.md","decision-record","docs/adr","","unreviewed"
"docs/adr/0003-bounded-service-instance-credentials.md","decision-record","docs/adr","","unreviewed"
"docs/adr/0004-authenticated-epochs-and-separated-control-roots.md","decision-record","docs/adr","","unreviewed"
"docs/adr/0005-route-domains-and-bounded-entry-exposure.md","decision-record","docs/adr","","unreviewed"
"docs/adr/0006-separate-release-safety-from-protocol-transition.md","decision-record","docs/adr","","unreviewed"
"docs/adr/0007-separate-carrier-privacy-from-application-egress.md","decision-record","docs/adr","","unreviewed"
"docs/adr/0008-stage-research-before-public-network.md","decision-record","docs/adr","","unreviewed"
"docs/adr/0009-go-project-foundation.md","decision-record","docs/adr","","unreviewed"
"docs/adr/0010-modular-monorepository.md","decision-record","docs/adr","","unreviewed"
"docs/adr/0011-separate-unit-e2e-and-live-tests.md","decision-record","docs/adr","","unreviewed"
"docs/adr/0012-select-webtunnel-for-h3-camouflage.md","decision-record","docs/adr","","unreviewed"
"docs/adr/0013-stage-6-cryptographic-suite.md","decision-record","docs/adr","","unreviewed"
"docs/adr/0014-private-naming-ohttp.md","decision-record","docs/adr","","unreviewed"
"docs/adr/0015-separate-release-decision-from-local-activation.md","decision-record","docs/adr","","unreviewed"
"docs/adr/0016-bind-and-isolate-launcher-born-application-principals.md","decision-record","docs/adr","","unreviewed"
"docs/adr/0017-authenticated-name-claim-ordering.md","decision-record","docs/adr","","unreviewed"
"docs/adr/0018-threshold-recovery-multisignatures.md","decision-record","docs/adr","","unreviewed"
"docs/adr/0019-bounded-anonymous-name-admission.md","decision-record","docs/adr","","unreviewed"
"docs/adr/0020-authenticate-current-namespace-materialization.md","decision-record","docs/adr","","unreviewed"
"docs/adr/0021-use-password-derived-authority-custody.md","decision-record","docs/adr","","unreviewed"
"docs/adr/0022-bind-name-record-validity.md","decision-record","docs/adr","","unreviewed"
"docs/adr/0023-pending-signed-namespace-successors.md","decision-record","docs/adr","","unreviewed"
"docs/adr/0024-native-interactive-route-foundation.md","decision-record","docs/adr","","unreviewed"
"docs/adr/0025-state-referenced-entry-invites.md","decision-record","docs/adr","","unreviewed"
"docs/adr/0026-interactive-route-v1-wire.md","decision-record","docs/adr","","unreviewed"
"docs/adr/0027-entry-binding-v1.md","decision-record","docs/adr","","unreviewed"
"docs/adr/0028-native-service-connection-v1.md","decision-record","docs/adr","","unreviewed"
"docs/adr/0029-retire-update-v0-custody-evidence.md","decision-record","docs/adr","","unreviewed"
"docs/adr/0030-retire-update-v0-as-test-format.md","decision-record","docs/adr","","unreviewed"
"docs/adr/0031-retire-generic-live-test-tree.md","decision-record","docs/adr","","unreviewed"
"docs/adr/0032-target-link-v1.md","decision-record","docs/adr","","unreviewed"
"docs/adr/0033-route-relay-setup-v1.md","decision-record","docs/adr","","unreviewed"
"docs/adr/0034-service-introduction-hpke-credential-v2.md","decision-record","docs/adr","","unreviewed"
"docs/adr/0035-live-introduction-slots-and-transit-binding-v1.md","decision-record","docs/adr","","unreviewed"
"docs/adr/0036-target-private-reachability-v1.md","decision-record","docs/adr","","unreviewed"
"docs/adr/0037-private-reachability-entry-carrier.md","decision-record","docs/adr","","unreviewed"
"docs/adr/0038-alpha-control-disclosure-reader-v1.md","decision-record","docs/adr","","unreviewed"
"docs/adr/0039-state-authorized-transit-grants-v1.md","decision-record","docs/adr","","unreviewed"
"docs/adr/0040-bounded-alpha-name-overlay.md","decision-record","docs/adr","","unreviewed"
"docs/adr/0041-alpha-control-corpus-component-v2.md","decision-record","docs/adr","","unreviewed"
"docs/adr/0042-bind-alpha-control-command-to-v3-enrollment.md","decision-record","docs/adr","","unreviewed"
"docs/adr/0043-derive-grace-from-signed-deadlines.md","decision-record","docs/adr","","unreviewed"
"docs/adr/0044-revalidate-browser-entry-proxy-authentication.md","decision-record","docs/adr","","unreviewed"
"docs/adr/0045-firefox-first-unlisted-browser-entry-delivery.md","decision-record","docs/adr","","unreviewed"
"docs/adr/0046-state-selected-destination-resolution-gateway.md","decision-record","docs/adr","","unreviewed"
"docs/adr/0047-dynamic-membership-transit-grants.md","decision-record","docs/adr","","unreviewed"
"docs/adr/0048-maintain-tcp-and-quic-carriers.md","decision-record","docs/adr","","unreviewed"
"docs/adr/0049-defer-blocked-entry-profile.md","decision-record","docs/adr","","unreviewed"
"docs/adr/0050-separate-local-release-seed-custody.md","decision-record","docs/adr","","unreviewed"
"docs/adr/0051-confirm-local-release-seed-public-receipt.md","decision-record","docs/adr","","unreviewed"
"docs/adr/0052-build-fixed-alpha-static-inputs.md","decision-record","docs/adr","","unreviewed"
"docs/adr/0053-bootstrap-functional-alpha-network-state.md","decision-record","docs/adr","","unreviewed"
"docs/adr/0054-separate-alpha-transition-contracts.md","decision-record","docs/adr","","unreviewed"
"docs/adr/0055-close-h4-6c-with-project-control-simulation.md","decision-record","docs/adr","","unreviewed"
"docs/adr/0056-simulate-h4-6d-controlled-project-control-transitions.md","decision-record","docs/adr","","unreviewed"
"docs/adr/0057-simulate-h4-4b-canonical-name-lifecycle.md","decision-record","docs/adr","","unreviewed"
"docs/adr/0058-simulate-h4-4c-root-claims.md","decision-record","docs/adr","","unreviewed"
"docs/adr/0059-retire-fixed-alpha-candidate-assembly.md","decision-record","docs/adr","","unreviewed"
"docs/adr/0060-retire-completed-planning-campaign-generators.md","decision-record","docs/adr","","unreviewed"
"docs/adr/0061-retain-firefox-entry-as-compatibility-evidence.md","decision-record","docs/adr","","unreviewed"
"docs/adr/0062-scope-online-transit-grant-signing.md","decision-record","docs/adr","","unreviewed"
"docs/adr/0063-bootstrap-transit-issuer-from-owner-root.md","decision-record","docs/adr","","unreviewed"
"docs/adr/0064-separate-service-authority-custody-from-instance-enrollment.md","decision-record","docs/adr","","unreviewed"
"docs/adr/0065-commit-publication-after-live-introduction-readiness.md","decision-record","docs/adr","","unreviewed"
"docs/adr/0066-use-role-scoped-transit-grant-requests.md","decision-record","docs/adr","","unreviewed"
"docs/adr/0067-retire-completed-local-alpha-ceremonies.md","decision-record","docs/adr","","unreviewed"
"docs/adr/0068-bind-transit-issuer-roots-to-state-generation.md","decision-record","docs/adr","","unreviewed"
"docs/adr/0069-retire-active-browser-implementation.md","decision-record","docs/adr","","unreviewed"
"docs/adr/0070-own-volatile-user-route-orchestration.md","decision-record","docs/adr","","unreviewed"
"docs/adr/0071-recipient-bound-offline-headless-enrollment.md","decision-record","docs/adr","","unreviewed"
"docs/adr/0072-adopt-offline-enrollment-route-v2.md","decision-record","docs/adr","","unreviewed"
"docs/adr/0073-bound-h1-offline-enrollment-transaction.md","decision-record","docs/adr","","unreviewed"
"docs/adr/0074-target-non-administrative-public-operation.md","decision-record","docs/adr","","unreviewed"
"docs/adr/0075-service-connection-v2-terminal-receipt.md","decision-record","docs/adr","","unreviewed"
"docs/adr/0076-separate-update-freshness-from-public-operation.md","decision-record","docs/adr","","unreviewed"
"docs/adr/0077-evolve-one-common-protection-baseline.md","decision-record","docs/adr","","unreviewed"
"docs/adr/0078-select-common-split-circuit-privacy.md","decision-record","docs/adr","","unreviewed"
"docs/adr/0080-separate-public-state-acceptance-obligations.md","decision-record","docs/adr","","unreviewed"
"docs/adr/0081-select-closed-protected-service-contract.md","decision-record","docs/adr","","unreviewed"
"docs/adr/0082-bind-bootstrap-restriction-to-node-child.md","decision-record","docs/adr","","unreviewed"
"docs/adr/0083-activate-joined-rendezvous-data-lane.md","decision-record","docs/adr","","unreviewed"
"docs/adr/0085-bound-forwarding-replenishment.md","decision-record","docs/adr","","unreviewed"
"docs/adr/0088-retire-alpha-service-links-and-corpus-intake.md","decision-record","docs/adr","","unreviewed"
"docs/adr/0089-retire-old-node-starts-preserve-owned-shutdown.md","decision-record","docs/adr","","unreviewed"
"docs/adr/0090-retire-name-operator-network-adapters.md","decision-record","docs/adr","","unreviewed"
"docs/adr/README.md","decision-index","docs/adr","","unreviewed"
"docs/development/README.md","current-document","docs/development","","unreviewed"
"docs/development/agent-execution.md","current-document","docs/development","","unreviewed"
"docs/development/audit-receipts/c0-run-2-gate-a-remediation.md","audit-receipt","docs/development/audit-receipts","","unreviewed"
"docs/development/audit-receipts/c0-run-2-track-a.md","audit-receipt","docs/development/audit-receipts","","unreviewed"
"docs/development/command-surface.md","current-document","docs/development","","unreviewed"
"docs/development/deep-audit.md","current-document","docs/development","","unreviewed"
"docs/development/dependencies.md","current-document","docs/development","","unreviewed"
"docs/development/documentation.md","current-document","docs/development","","unreviewed"
"docs/development/endpoint-architecture-refactoring.md","current-document","docs/development","","unreviewed"
"docs/development/endpoint-test-cost.md","current-document","docs/development","","unreviewed"
"docs/development/network-core-transition.md","current-document","docs/development","","unreviewed"
"docs/development/network-core-wire-proposal.md","current-document","docs/development","","unreviewed"
"docs/development/ownership.json","current-document","docs/development","","unreviewed"
"docs/development/package-map.md","current-document","docs/development","","unreviewed"
"docs/development/privacy-anonymity-map.md","current-document","docs/development","","unreviewed"
"docs/development/privacy-qualification.md","current-document","docs/development","","unreviewed"
"docs/development/repository-layout.md","current-document","docs/development","","unreviewed"
"docs/development/route-refactoring-boundary.md","current-document","docs/development","","unreviewed"
"docs/development/scoped-risk-exceptions.md","current-document","docs/development","","unreviewed"
"docs/development/testdata/s7.2/c0-happy-path-v1.json","documentation-fixture","docs/development/testdata/s7.2","","unreviewed"
"docs/development/testdata/s7.2/previous-payload-v1.txt","documentation-fixture","docs/development/testdata/s7.2","","unreviewed"
"docs/development/testing.md","current-document","docs/development","","unreviewed"
"docs/reference/portable-enrollment.md","current-document","docs/reference","portable-first-execution-procedure","owner-route-pass"
"docs/product/functional-map.md","current-document","docs/product","","unreviewed"
"docs/product/future-product-catalog.md","current-document","docs/product","","unreviewed"
"docs/product/journeys.md","current-document","docs/product","","unreviewed"
"docs/product/operating-model.md","current-document","docs/product","","unreviewed"
"docs/product/protected-service-workload.md","current-document","docs/product","","unreviewed"
"docs/product/scope.md","current-document","docs/product","","unreviewed"
"docs/product/vision.md","current-document","docs/product","","unreviewed"
"docs/reference/commands.md","current-document","docs/reference","","unreviewed"
"docs/reference/rendezvous-contributor.md","current-document","docs/reference","","unreviewed"
"docs/research/README.md","research-register","docs/research","","unreviewed"
"docs/research/questions.md","research-register","docs/research","","unreviewed"
"docs/research/records/r-092-native-node-operating-profile.md","research-record","docs/research/records","","unreviewed"
"docs/research/records/r-093-voluntary-endpoint-contribution.md","research-record","docs/research/records","","unreviewed"
"docs/research/records/r-094-hostile-network-carrier-profiles.md","research-record","docs/research/records","","unreviewed"
"docs/research/records/r-095-portable-endpoint-alpha-lifecycle.md","research-record","docs/research/records","","unreviewed"
"docs/research/records/r-096-browser-adapter-alpha-contract.md","research-record","docs/research/records","","unreviewed"
"docs/research/records/r-097-named-alpha-private-resolution.md","research-record","docs/research/records","","unreviewed"
"docs/research/records/r-098-alpha-control-manifest.md","research-record","docs/research/records","","unreviewed"
"docs/research/records/r-099-protected-application-profile.md","research-record","docs/research/records","","unreviewed"
"docs/research/records/r-100-alpha-qualification-closure.md","research-record","docs/research/records","","unreviewed"
"docs/research/records/r-101-endpoint-state-attachment-profile.md","research-record","docs/research/records","","unreviewed"
"docs/research/records/r-102-endpoint-liveness-lock.md","research-record","docs/research/records","","unreviewed"
"docs/research/records/r-103-target-link-v1.md","research-record","docs/research/records","","unreviewed"
"docs/research/records/r-104-route-relay-setup-v1.md","research-record","docs/research/records","","unreviewed"
"docs/research/records/r-105-service-introduction-handoff-v1.md","research-record","docs/research/records","","unreviewed"
"docs/research/records/r-106-target-reachability-alpha.md","research-record","docs/research/records","","unreviewed"
"docs/research/records/r-107-private-lookup-entry-carrier.md","research-record","docs/research/records","","unreviewed"
"docs/research/records/r-108-alpha-control-reader-v1.md","research-record","docs/research/records","","unreviewed"
"docs/research/records/r-109-state-transit-grant-v1.md","research-record","docs/research/records","","unreviewed"
"docs/research/records/r-110-safe-endpoint-replacement.md","research-record","docs/research/records","","unreviewed"
"docs/research/records/r-111-authority-recovery-removal.md","research-record","docs/research/records","","unreviewed"
"docs/research/records/r-112-ubuntu-installed-profile.md","research-record","docs/research/records","","unreviewed"
"docs/research/records/r-113-alpha-corpus-distribution-floor.md","research-record","docs/research/records","","unreviewed"
"docs/research/records/r-114-application-transparent-browser-service.md","research-record","docs/research/records","","unreviewed"
"docs/research/records/r-115-named-browser-entry.md","research-record","docs/research/records","","unreviewed"
"docs/research/records/r-116-canonical-name-time-materialization.md","research-record","docs/research/records","","unreviewed"
"docs/research/records/r-117-firefox-browser-entry-delivery.md","research-record","docs/research/records","","unreviewed"
"docs/research/records/r-118-participant-transit-credential-lifecycle.md","research-record","docs/research/records","","unreviewed"
"docs/research/records/r-119-closed-alpha-release-signing-operation.md","research-record","docs/research/records","","unreviewed"
"docs/research/records/r-120-bounded-alpha-input-signing.md","research-record","docs/research/records","","unreviewed"
"docs/research/records/r-121-functional-alpha-state-authority.md","research-record","docs/research/records","","unreviewed"
"docs/research/records/r-122-rc3-successor-qualification-continuity.md","research-record","docs/research/records","","unreviewed"
"docs/research/records/r-123-separated-alpha-transition-contracts.md","research-record","docs/research/records","","unreviewed"
"docs/research/records/r-124-public-control-candidate-evidence.md","research-record","docs/research/records","","unreviewed"
"docs/research/records/r-125-controlled-project-control-transitions.md","research-record","docs/research/records","","unreviewed"
"docs/research/records/r-126-project-control-canonical-name-lifecycle.md","research-record","docs/research/records","","unreviewed"
"docs/research/records/r-127-project-control-root-claims.md","research-record","docs/research/records","","unreviewed"
"docs/research/records/r-128-headless-participant-acquisition.md","research-record","docs/research/records","","unreviewed"
"docs/research/records/r-129-headless-network-product-boundary.md","research-record","docs/research/records","","unreviewed"
"docs/research/records/r-130-transit-issuer-bootstrap.md","research-record","docs/research/records","","unreviewed"
"docs/research/records/r-131-headless-publisher-authority-acquisition.md","research-record","docs/research/records","","unreviewed"
"docs/research/records/r-132-headless-publication-readiness.md","research-record","docs/research/records","","unreviewed"
"docs/research/records/r-133-role-scoped-transit-grant-acquisition.md","research-record","docs/research/records","","unreviewed"
"docs/research/records/r-134-retire-completed-local-ceremonies.md","research-record","docs/research/records","","unreviewed"
"docs/research/records/r-135-transit-issuer-generation-continuity.md","research-record","docs/research/records","","unreviewed"
"docs/research/records/r-136-user-route-orchestration-ownership.md","research-record","docs/research/records","","unreviewed"
"docs/research/records/r-137-c0-stress-test.md","research-record","docs/research/records","","unreviewed"
"docs/research/records/r-140-quic-go-v0-62-c0-requalification.md","research-record","docs/research/records","","unreviewed"
"docs/research/records/r-141-publisher-early-supersession.md","research-record","docs/research/records","","unreviewed"
"docs/research/records/r-142-service-credential-renewal.md","research-record","docs/research/records","","unreviewed"
"docs/research/records/r-143-source-tls-renewal.md","research-record","docs/research/records","","unreviewed"
"docs/research/records/r-144-headless-bootstrap-delivery.md","research-record","docs/research/records","","unreviewed"
"docs/research/records/r-145-offline-enrollment-owner-contracts.md","research-record","docs/research/records","","unreviewed"
"docs/research/records/r-146-non-administrative-network-consensus.md","research-record","docs/research/records","","unreviewed"
"docs/research/records/r-147-contributor-resource-controls.md","research-record","docs/research/records","","unreviewed"
"docs/research/records/r-148-shared-resource-contributor-benefits.md","research-record","docs/research/records","","unreviewed"
"docs/research/records/r-149-autonomy-transition.md","research-record","docs/research/records","","unreviewed"
"docs/research/records/r-149-voting-core-design.md","research-record","docs/research/records","","unreviewed"
"docs/research/records/r-149-voting-work-packages.md","research-record","docs/research/records","","unreviewed"
"docs/research/records/r-150-common-protection-baseline.md","research-record","docs/research/records","","unreviewed"
"docs/research/records/r-151-privacy-anonymity-integration.md","research-record","docs/research/records","","unreviewed"
"docs/research/records/r-152-closed-scheme-contract.md","research-record","docs/research/records","","unreviewed"
"docs/research/records/r-152-common-privacy-design.md","research-record","docs/research/records","","unreviewed"
"docs/research/records/r-153-bootstrap-child-restriction.md","research-record","docs/research/records","","unreviewed"
"docs/research/records/r-154-join-data-lane-transition.md","research-record","docs/research/records","","unreviewed"
"docs/research/records/r-155-retire-old-node-starts.md","research-record","docs/research/records","","unreviewed"
"docs/research/records/r-156-retire-name-operator-network-adapters.md","research-record","docs/research/records","","unreviewed"
"docs/research/template.md","research-register","docs/research","","unreviewed"
"docs/security/threat-model.md","current-document","docs/security","","unreviewed"
"docs/technical/alpha-control-transition.md","current-document","docs/technical","","unreviewed"
"docs/technical/application-confinement.md","current-document","docs/technical","","unreviewed"
"docs/technical/common-privacy-architecture.md","current-document","docs/technical","","unreviewed"
"docs/technical/endpoint-service-runtime.md","current-document","docs/technical","","unreviewed"
"docs/technical/enrollment-verification.md","current-document","docs/technical","","unreviewed"
"docs/technical/naming.md","current-document","docs/technical","","unreviewed"
"docs/technical/network-route-node.md","current-document","docs/technical","","unreviewed"
"docs/technical/private-admission.md","current-document","docs/technical","","unreviewed"
"docs/technical/private-reachability.md","current-document","docs/technical","","unreviewed"
"docs/technical/protected-route-protocol.md","current-document","docs/technical","","unreviewed"
"docs/technical/release-update-custody.md","current-document","docs/technical","","unreviewed"
"docs/technical/transit-grant-acquisition.md","current-document","docs/technical","","unreviewed"
"experiments/r-149-coupled-feasibility/README.md","experiment","experiments/r-149-coupled-feasibility","","unreviewed"
"experiments/r-149-coupled-feasibility/calculate.py","experiment","experiments/r-149-coupled-feasibility","","unreviewed"
"experiments/r-149-operation-invariants/README.md","experiment","experiments/r-149-operation-invariants","","unreviewed"
"experiments/r-149-operation-invariants/analyze.py","experiment","experiments/r-149-operation-invariants","","unreviewed"
"experiments/r-149-task-committees/README.md","experiment","experiments/r-149-task-committees","","unreviewed"
"experiments/r-149-task-committees/analyze.py","experiment","experiments/r-149-task-committees","","unreviewed"
"experiments/r-149-voting-envelope/README.md","experiment","experiments/r-149-voting-envelope","","unreviewed"
"experiments/r-149-voting-envelope/analyze.py","experiment","experiments/r-149-voting-envelope","","unreviewed"
"experiments/r-152-contract-probes/README.md","experiment","experiments/r-152-contract-probes","","unreviewed"
"experiments/r-152-contract-probes/confinement_probe.go","experiment","experiments/r-152-contract-probes","","unreviewed"
"experiments/r-152-contract-probes/cost_model.go","experiment","experiments/r-152-contract-probes","","unreviewed"
"experiments/r-152-contract-probes/run_confinement.sh","experiment","experiments/r-152-contract-probes","","unreviewed"
"experiments/r-152-contract-probes/token_composition.go","experiment","experiments/r-152-contract-probes","","unreviewed"
"go.mod","repository-root",".","","unreviewed"
"go.sum","repository-root",".","","unreviewed"
"internal/alphacontrol/catalog_codec.go","production-go","internal/alphacontrol","alpha-control-reader","package-contract-pass"
"internal/alphacontrol/catalog_test.go","go-test","internal/alphacontrol","","unreviewed"
"internal/alphacontrol/catalog_v2.go","production-go","internal/alphacontrol","alpha-control-reader","package-contract-pass"
"internal/alphacontrol/catalog_v2_test.go","go-test","internal/alphacontrol","","unreviewed"
"internal/alphacontrol/component_statement.go","production-go","internal/alphacontrol","alpha-control-reader","package-contract-pass"
"internal/alphacontrol/contract.go","production-go","internal/alphacontrol","alpha-control-reader","package-contract-pass"
"internal/alphacontrol/doc.go","production-go","internal/alphacontrol","alpha-control-reader","package-contract-pass"
"internal/alphacontrol/fixture_encoding_test.go","go-test","internal/alphacontrol","","unreviewed"
"internal/alphacontrol/inspect.go","production-go","internal/alphacontrol","alpha-control-reader","package-contract-pass"
"internal/alphacontrol/inspection/aca2_corpus.go","production-go","internal/alphacontrol/inspection","enrollment-control-inspection","package-contract-pass"
"internal/alphacontrol/inspection/compatibility_verifier_test.go","go-test","internal/alphacontrol/inspection","","unreviewed"
"internal/alphacontrol/inspection/contract.go","production-go","internal/alphacontrol/inspection","enrollment-control-inspection","package-contract-pass"
"internal/alphacontrol/inspection/corpus_component.go","production-go","internal/alphacontrol/inspection","enrollment-control-inspection","package-contract-pass"
"internal/alphacontrol/inspection/corpus_component_test.go","go-test","internal/alphacontrol/inspection","","unreviewed"
"internal/alphacontrol/inspection/doc.go","production-go","internal/alphacontrol/inspection","enrollment-control-inspection","package-contract-pass"
"internal/alphacontrol/inspection/evidence_codec.go","production-go","internal/alphacontrol/inspection","enrollment-control-inspection","package-contract-pass"
"internal/alphacontrol/inspection/evidence_codec_test.go","go-test","internal/alphacontrol/inspection","","unreviewed"
"internal/alphacontrol/inspection/inspect.go","production-go","internal/alphacontrol/inspection","enrollment-control-inspection","package-contract-pass"
"internal/alphacontrol/inspection/network_verifier_test.go","go-test","internal/alphacontrol/inspection","","unreviewed"
"internal/alphacontrol/inspection/release_verifier_test.go","go-test","internal/alphacontrol/inspection","","unreviewed"
"internal/alphacontrol/inspection/root.go","production-go","internal/alphacontrol/inspection","enrollment-control-inspection","package-contract-pass"
"internal/alphacontrol/inspection/root_test.go","go-test","internal/alphacontrol/inspection","","unreviewed"
"internal/alphacontrol/reader.go","production-go","internal/alphacontrol","alpha-control-reader","package-contract-pass"
"internal/alphacontrol/reader_durability_unix.go","production-go","internal/alphacontrol","alpha-control-reader","package-contract-pass"
"internal/alphacontrol/reader_durability_windows.go","production-go","internal/alphacontrol","alpha-control-reader","package-contract-pass"
"internal/alphacontrol/reader_lease_unix.go","production-go","internal/alphacontrol","alpha-control-reader","package-contract-pass"
"internal/alphacontrol/reader_lease_windows.go","production-go","internal/alphacontrol","alpha-control-reader","package-contract-pass"
"internal/alphacontrol/reader_store.go","production-go","internal/alphacontrol","alpha-control-reader","package-contract-pass"
"internal/alphacontrol/transition_contract.go","production-go","internal/alphacontrol","alpha-control-reader","package-contract-pass"
"internal/alphacontrol/transition_contract_test.go","go-test","internal/alphacontrol","","unreviewed"
"internal/application/broker/broker.go","production-go","internal/application/broker","Local Grant and Connection admission","package-contract-pass"
"internal/application/broker/broker_test.go","go-test","internal/application/broker","","unreviewed"
"internal/application/broker/contract.go","production-go","internal/application/broker","Local Grant and Connection admission","package-contract-pass"
"internal/application/broker/doc.go","production-go","internal/application/broker","Local Grant and Connection admission","package-contract-pass"
"internal/application/interfacev1/administration/administration_test.go","go-test","internal/application/interfacev1/administration","","unreviewed"
"internal/application/interfacev1/administration/client.go","production-go","internal/application/interfacev1/administration","Administration Interface v1","package-contract-pass"
"internal/application/interfacev1/administration/conformance_test.go","go-test","internal/application/interfacev1/administration","","unreviewed"
"internal/application/interfacev1/administration/contract.go","production-go","internal/application/interfacev1/administration","Administration Interface v1","package-contract-pass"
"internal/application/interfacev1/administration/doc.go","production-go","internal/application/interfacev1/administration","Administration Interface v1","package-contract-pass"
"internal/application/interfacev1/administration/published_link.go","production-go","internal/application/interfacev1/administration","Administration Interface v1","package-contract-pass"
"internal/application/interfacev1/administration/published_link_client_linux.go","production-go","internal/application/interfacev1/administration","Administration Interface v1","package-contract-pass"
"internal/application/interfacev1/administration/published_link_client_linux_test.go","go-test","internal/application/interfacev1/administration","","unreviewed"
"internal/application/interfacev1/administration/published_link_test.go","go-test","internal/application/interfacev1/administration","","unreviewed"
"internal/application/interfacev1/administration/server.go","production-go","internal/application/interfacev1/administration","Administration Interface v1","package-contract-pass"
"internal/application/interfacev1/administration/server_retirement_test.go","go-test","internal/application/interfacev1/administration","","unreviewed"
"internal/application/interfacev1/administration/snapshot.go","production-go","internal/application/interfacev1/administration","Administration Interface v1","package-contract-pass"
"internal/application/interfacev1/administration/snapshot_test.go","go-test","internal/application/interfacev1/administration","","unreviewed"
"internal/application/interfacev1/administration/testdata/conformance-v1.json","source-asset","internal/application/interfacev1/administration/testdata","","unreviewed"
"internal/application/interfacev2/connection/client.go","production-go","internal/application/interfacev2/connection","Connection Interface v2","behavior-source-traced"
"internal/application/interfacev2/connection/client_close_test.go","go-test","internal/application/interfacev2/connection","","unreviewed"
"internal/application/interfacev2/connection/client_setup_cancellation_test.go","go-test","internal/application/interfacev2/connection","","unreviewed"
"internal/application/interfacev2/connection/client_unix_peer_test.go","go-test","internal/application/interfacev2/connection","","unreviewed"
"internal/application/interfacev2/connection/contract.go","production-go","internal/application/interfacev2/connection","Connection Interface v2","package-contract-pass"
"internal/application/interfacev2/connection/doc.go","production-go","internal/application/interfacev2/connection","Connection Interface v2","package-contract-pass"
"internal/application/interfacev2/connection/request.go","production-go","internal/application/interfacev2/connection","Connection Interface v2","package-contract-pass"
"internal/application/interfacev2/connection/request_decode_linux.go","production-go","internal/application/interfacev2/connection","Connection Interface v2","package-contract-pass"
"internal/application/interfacev2/connection/request_test.go","go-test","internal/application/interfacev2/connection","","unreviewed"
"internal/application/interfacev2/connection/server_admission.go","production-go","internal/application/interfacev2/connection","Connection Interface v2","package-contract-pass"
"internal/application/interfacev2/connection/server_cleanup_test.go","go-test","internal/application/interfacev2/connection","","unreviewed"
"internal/application/interfacev2/connection/server_lifecycle_test.go","go-test","internal/application/interfacev2/connection","","unreviewed"
"internal/application/interfacev2/connection/server_refusal_linux.go","production-go","internal/application/interfacev2/connection","Connection Interface v2","package-contract-pass"
"internal/application/interfacev2/connection/server_refusal_linux_test.go","go-test","internal/application/interfacev2/connection","","unreviewed"
"internal/application/interfacev2/connection/transport.go","production-go","internal/application/interfacev2/connection","Connection Interface v2","package-contract-pass"
"internal/application/interfacev2/connection/transport_binary_conformance_test.go","go-test","internal/application/interfacev2/connection","","unreviewed"
"internal/application/interfacev2/connection/transport_frames.go","production-go","internal/application/interfacev2/connection","Connection Interface v2","package-contract-pass"
"internal/application/interfacev2/connection/transport_test.go","go-test","internal/application/interfacev2/connection","","unreviewed"
"internal/application/streamqualification/canary.go","production-go","internal/application/streamqualification","NET-14 stream qualification Application","package-contract-pass"
"internal/application/streamqualification/canary_test.go","go-test","internal/application/streamqualification","","unreviewed"
"internal/application/streamqualification/connection_bridge.go","production-go","internal/application/streamqualification","NET-14 stream qualification Application","package-contract-pass"
"internal/application/streamqualification/connection_bridge_test.go","go-test","internal/application/streamqualification","","unreviewed"
"internal/application/streamqualification/doc.go","production-go","internal/application/streamqualification","NET-14 stream qualification Application","package-contract-pass"
"internal/application/streamqualification/network_condition.go","production-go","internal/application/streamqualification","NET-14 stream qualification Application","package-contract-pass"
"internal/application/streamqualification/paired_verdict.go","production-go","internal/application/streamqualification","NET-14 stream qualification Application","package-contract-pass"
"internal/application/streamqualification/paired_verdict_test.go","go-test","internal/application/streamqualification","","unreviewed"
"internal/application/streamqualification/profile.go","production-go","internal/application/streamqualification","NET-14 stream qualification Application","package-contract-pass"
"internal/application/streamqualification/protocol.go","production-go","internal/application/streamqualification","NET-14 stream qualification Application","package-contract-pass"
"internal/application/streamqualification/protocol_endpoint_linux.go","production-go","internal/application/streamqualification","NET-14 stream qualification Application","package-contract-pass"
"internal/application/streamqualification/protocol_test.go","go-test","internal/application/streamqualification","","unreviewed"
"internal/application/streamqualification/schedule_elapsed.go","production-go","internal/application/streamqualification","NET-14 stream qualification Application","package-contract-pass"
"internal/application/streamqualification/schedule_elapsed_test.go","go-test","internal/application/streamqualification","","unreviewed"
"internal/application/streamqualification/worker.go","production-go","internal/application/streamqualification","NET-14 stream qualification Application","package-contract-pass"
"internal/application/streamqualification/worker_frame.go","production-go","internal/application/streamqualification","NET-14 stream qualification Application","package-contract-pass"
"internal/application/streamqualification/worker_ready_test.go","go-test","internal/application/streamqualification","","unreviewed"
"internal/application/streamqualification/worker_test.go","go-test","internal/application/streamqualification","","unreviewed"
"internal/application/streamqualification/workload_verdict.go","production-go","internal/application/streamqualification","NET-14 stream qualification Application","package-contract-pass"
"internal/application/streamqualification/workload_verdict_test.go","go-test","internal/application/streamqualification","","unreviewed"
"internal/application/textdocument/doc.go","production-go","internal/application/textdocument","bounded text document Application","package-contract-pass"
"internal/application/textdocument/exchange.go","production-go","internal/application/textdocument","bounded text document Application","package-contract-pass"
"internal/application/textdocument/exchange_test.go","go-test","internal/application/textdocument","","unreviewed"
"internal/application/textdocument/presentation.go","production-go","internal/application/textdocument","bounded text document Application","behavior-source-traced"
"internal/application/textdocument/presentation_test.go","go-test","internal/application/textdocument","","unreviewed"
"internal/application/textdocument/publisher_connection_events.go","production-go","internal/application/textdocument","bounded text document Application","package-contract-pass"
"internal/application/textdocument/publisher_connection_fragmentation_test.go","go-test","internal/application/textdocument","","unreviewed"
"internal/application/textdocument/publisher_connection_io.go","production-go","internal/application/textdocument","bounded text document Application","package-contract-pass"
"internal/application/textdocument/publisher_connection_limits_test.go","go-test","internal/application/textdocument","","unreviewed"
"internal/application/textdocument/publisher_connection_refusal_test.go","go-test","internal/application/textdocument","","unreviewed"
"internal/application/textdocument/publisher_connections.go","production-go","internal/application/textdocument","bounded text document Application","package-contract-pass"
"internal/application/textdocument/publisher_connections_test.go","go-test","internal/application/textdocument","","unreviewed"
"internal/application/textdocument/reader_connection.go","production-go","internal/application/textdocument","bounded text document Application","behavior-source-traced"
"internal/application/textdocument/reader_connection_fixture_test.go","go-test","internal/application/textdocument","","unreviewed"
"internal/application/textdocument/reader_connection_fragmentation_test.go","go-test","internal/application/textdocument","","unreviewed"
"internal/application/textdocument/reader_connection_io.go","production-go","internal/application/textdocument","bounded text document Application","package-contract-pass"
"internal/application/textdocument/reader_connection_refusal_test.go","go-test","internal/application/textdocument","","unreviewed"
"internal/application/textdocument/reader_connection_test.go","go-test","internal/application/textdocument","","unreviewed"
"internal/application/textdocument/snapshot_exchange_linux.go","production-go","internal/application/textdocument","bounded text document Application","package-contract-pass"
"internal/application/textdocument/snapshot_exchange_linux_test.go","go-test","internal/application/textdocument","","unreviewed"
"internal/application/textdocument/snapshot_file_linux.go","production-go","internal/application/textdocument","bounded text document Application","package-contract-pass"
"internal/application/textdocument/snapshot_file_linux_test.go","go-test","internal/application/textdocument","","unreviewed"
"internal/application/textdocument/snapshot_file_other.go","production-go","internal/application/textdocument","bounded text document Application","package-contract-pass"
"internal/application/textdocument/worker.go","production-go","internal/application/textdocument","bounded text document Application","package-contract-pass"
"internal/application/textdocument/worker_attachment_initialization.go","production-go","internal/application/textdocument","bounded text document Application","package-contract-pass"
"internal/application/textdocument/worker_attachment_initialization_test.go","go-test","internal/application/textdocument","","unreviewed"
"internal/application/textdocument/worker_descriptor_audit_linux_test.go","go-test","internal/application/textdocument","","unreviewed"
"internal/application/textdocument/worker_escape_linux_test.go","go-test","internal/application/textdocument","","unreviewed"
"internal/application/textdocument/worker_hostile_linux_test.go","go-test","internal/application/textdocument","","unreviewed"
"internal/application/textdocument/worker_initialization.go","production-go","internal/application/textdocument","bounded text document Application","package-contract-pass"
"internal/application/textdocument/worker_mode.go","production-go","internal/application/textdocument","bounded text document Application","package-contract-pass"
"internal/application/textdocument/worker_output.go","production-go","internal/application/textdocument","bounded text document Application","package-contract-pass"
"internal/application/textdocument/worker_process_linux.go","production-go","internal/application/textdocument","bounded text document Application","package-contract-pass"
"internal/application/textdocument/worker_process_other.go","production-go","internal/application/textdocument","bounded text document Application","package-contract-pass"
"internal/application/textdocument/worker_scheduling.go","production-go","internal/application/textdocument","bounded text document Application","package-contract-pass"
"internal/application/textdocument/worker_test.go","go-test","internal/application/textdocument","","unreviewed"
"internal/architecture/application_seams_test.go","go-test","internal/architecture","","unreviewed"
"internal/architecture/architecture_support_test.go","go-test","internal/architecture","","unreviewed"
"internal/architecture/architecture_test.go","go-test","internal/architecture","","unreviewed"
"internal/architecture/artifact_representation_test.go","go-test","internal/architecture","","unreviewed"
"internal/architecture/authority_regression_test.go","go-test","internal/architecture","","unreviewed"
"internal/architecture/command_evidence_profiles_test.go","go-test","internal/architecture","","unreviewed"
"internal/architecture/doc.go","production-go","internal/architecture","architecture test gate","package-contract-pass"
"internal/architecture/extraction_test.go","go-test","internal/architecture","","unreviewed"
"internal/architecture/fuzz_profile_test.go","go-test","internal/architecture","","unreviewed"
"internal/architecture/initiator_receiving_retirement_test.go","go-test","internal/architecture","","unreviewed"
"internal/architecture/node_retirement_test.go","go-test","internal/architecture","","unreviewed"
"internal/architecture/ownership_test.go","go-test","internal/architecture","","unreviewed"
"internal/architecture/pr_selection_behavior_test.go","go-test","internal/architecture","","unreviewed"
"internal/architecture/project_go_test.go","go-test","internal/architecture","","unreviewed"
"internal/architecture/qualification_preparation_time_test.go","go-test","internal/architecture","","unreviewed"
"internal/architecture/qualification_smoke_capacity_test.go","go-test","internal/architecture","","unreviewed"
"internal/architecture/quality_wiring_test.go","go-test","internal/architecture","","unreviewed"
"internal/architecture/rendezvous_engine_retirement_test.go","go-test","internal/architecture","","unreviewed"
"internal/architecture/repository_artifacts_test.go","go-test","internal/architecture","","unreviewed"
"internal/architecture/test_profile_make_targets_test.go","go-test","internal/architecture","","unreviewed"
"internal/architecture/test_profiles_test.go","go-test","internal/architecture","","unreviewed"
"internal/architecture/testing_model_test.go","go-test","internal/architecture","","unreviewed"
"internal/architecture/transit_issuer_retirement_test.go","go-test","internal/architecture","","unreviewed"
"internal/architecture/user_route_retirement_test.go","go-test","internal/architecture","","unreviewed"
"internal/contributor/concurrent_lifecycle_regression_test.go","go-test","internal/contributor","","unreviewed"
"internal/contributor/contract.go","production-go","internal/contributor","dedicated-host retirement and recovery","package-contract-pass"
"internal/contributor/control.go","production-go","internal/contributor","dedicated-host retirement and recovery","package-contract-pass"
"internal/contributor/diagnostics.go","production-go","internal/contributor","dedicated-host retirement and recovery","package-contract-pass"
"internal/contributor/doc.go","production-go","internal/contributor","dedicated-host retirement and recovery","package-contract-pass"
"internal/contributor/installation_record.go","production-go","internal/contributor","dedicated-host retirement and recovery","package-contract-pass"
"internal/contributor/installation_recovery.go","production-go","internal/contributor","dedicated-host retirement and recovery","package-contract-pass"
"internal/contributor/management_executable_recovery.go","production-go","internal/contributor","dedicated-host retirement and recovery","package-contract-pass"
"internal/contributor/paths.go","production-go","internal/contributor","dedicated-host retirement and recovery","package-contract-pass"
"internal/contributor/persisted_input.go","production-go","internal/contributor","dedicated-host retirement and recovery","package-contract-pass"
"internal/contributor/persisted_input_fuzz_test.go","go-test","internal/contributor","","unreviewed"
"internal/contributor/profile_identity.go","production-go","internal/contributor","dedicated-host retirement and recovery","package-contract-pass"
"internal/contributor/profile_identity_migration_test.go","go-test","internal/contributor","","unreviewed"
"internal/contributor/profile_test.go","go-test","internal/contributor","","unreviewed"
"internal/contributor/recovery.go","production-go","internal/contributor","dedicated-host retirement and recovery","package-contract-pass"
"internal/contributor/recovery_test.go","go-test","internal/contributor","","unreviewed"
"internal/contributor/retained_installation_fixture_test.go","go-test","internal/contributor","","unreviewed"
"internal/contributor/root_lease.go","production-go","internal/contributor","dedicated-host retirement and recovery","package-contract-pass"
"internal/contributor/root_lease_unix.go","production-go","internal/contributor","dedicated-host retirement and recovery","package-contract-pass"
"internal/contributor/root_lease_windows.go","production-go","internal/contributor","dedicated-host retirement and recovery","package-contract-pass"
"internal/contributor/testdata/retained-unit.service","source-asset","internal/contributor/testdata","","unreviewed"
"internal/contributor/update_record.go","production-go","internal/contributor","dedicated-host retirement and recovery","package-contract-pass"
"internal/custody/admission_authority.go","production-go","internal/custody","admission-authority","behavior-source-traced"
"internal/custody/admission_authority_test.go","go-test","internal/custody","","unreviewed"
"internal/custody/admission_permission_client_linux_test.go","go-test","internal/custody","","unreviewed"
"internal/custody/authority_floor.go","production-go","internal/custody","vault-core","package-contract-pass"
"internal/custody/authority_state.go","production-go","internal/custody","vault-core","package-contract-pass"
"internal/custody/bundle_export.go","production-go","internal/custody","authority-recovery","package-contract-pass"
"internal/custody/bundle_restore.go","production-go","internal/custody","authority-recovery","package-contract-pass"
"internal/custody/canonical_envelope.go","production-go","internal/custody","vault-core","package-contract-pass"
"internal/custody/doc.go","production-go","internal/custody","vault-core","package-contract-pass"
"internal/custody/durability_nonwindows.go","production-go","internal/custody","vault-core","package-contract-pass"
"internal/custody/durability_windows.go","production-go","internal/custody","vault-core","package-contract-pass"
"internal/custody/public_envelope_inspection.go","production-go","internal/custody","authority-inspection","package-contract-pass"
"internal/custody/service_authority.go","production-go","internal/custody","service-authority","behavior-source-traced"
"internal/custody/service_authority_test.go","go-test","internal/custody","","unreviewed"
"internal/custody/service_credential.go","production-go","internal/custody","service-authority","behavior-source-traced"
"internal/custody/vault.go","production-go","internal/custody","vault-core","package-contract-pass"
"internal/custody/vault_contract.go","production-go","internal/custody","mixed-custody-interface","package-contract-pass"
"internal/custody/vault_lock.go","production-go","internal/custody","vault-core","package-contract-pass"
"internal/custody/vault_lock_nonwindows.go","production-go","internal/custody","vault-core","package-contract-pass"
"internal/custody/vault_lock_windows.go","production-go","internal/custody","vault-core","package-contract-pass"
"internal/custody/vault_namespace_preparation.go","production-go","internal/custody","name-authority-uncomposed","package-contract-pass"
"internal/custody/vault_namespace_signing_test.go","go-test","internal/custody","","unreviewed"
"internal/custody/vault_operation.go","production-go","internal/custody","mixed-custody-interface","behavior-source-traced"
"internal/custody/vault_operation_test.go","go-test","internal/custody","","unreviewed"
"internal/custody/vault_purge.go","production-go","internal/custody","vault-core","package-contract-pass"
"internal/custody/vault_purge_test.go","go-test","internal/custody","","unreviewed"
"internal/custody/vault_reconciliation.go","production-go","internal/custody","name-authority-uncomposed","package-contract-pass"
"internal/diagnostics/timeline/doc.go","production-go","internal/diagnostics/timeline","operator event timeline projection","package-contract-pass"
"internal/diagnostics/timeline/project.go","production-go","internal/diagnostics/timeline","operator event timeline projection","package-contract-pass"
"internal/diagnostics/timeline/project_test.go","go-test","internal/diagnostics/timeline","","unreviewed"
"internal/endpoint/application_half_close.go","production-go","internal/endpoint","service-connection","first-source-pass"
"internal/endpoint/closed_state_binding.go","production-go","internal/endpoint","endpoint-admission","first-source-pass"
"internal/endpoint/descriptorhistory/doc.go","production-go","internal/endpoint/descriptorhistory","publication-discovery","first-source-pass"
"internal/endpoint/descriptorhistory/history.go","production-go","internal/endpoint/descriptorhistory","publication-discovery","first-source-pass"
"internal/endpoint/descriptorhistory/history_test.go","go-test","internal/endpoint/descriptorhistory","","unreviewed"
"internal/endpoint/doc.go","production-go","internal/endpoint","endpoint-admission","first-source-pass"
"internal/endpoint/durableroot/access_unix.go","production-go","internal/endpoint/durableroot","durable-storage","first-source-pass"
"internal/endpoint/durableroot/access_windows.go","production-go","internal/endpoint/durableroot","durable-storage","first-source-pass"
"internal/endpoint/durableroot/doc.go","production-go","internal/endpoint/durableroot","durable-storage","first-source-pass"
"internal/endpoint/durableroot/lock_unix.go","production-go","internal/endpoint/durableroot","durable-storage","first-source-pass"
"internal/endpoint/durableroot/lock_windows.go","production-go","internal/endpoint/durableroot","durable-storage","first-source-pass"
"internal/endpoint/durableroot/root_test.go","go-test","internal/endpoint/durableroot","","unreviewed"
"internal/endpoint/durableroot/sync_unix.go","production-go","internal/endpoint/durableroot","durable-storage","first-source-pass"
"internal/endpoint/durableroot/sync_windows.go","production-go","internal/endpoint/durableroot","durable-storage","first-source-pass"
"internal/endpoint/fixture_address_test.go","go-test","internal/endpoint","","unreviewed"
"internal/endpoint/fixture_certificate_test.go","go-test","internal/endpoint","","unreviewed"
"internal/endpoint/fixture_id_test.go","go-test","internal/endpoint","","unreviewed"
"internal/endpoint/heapdump_capture_test.go","go-test","internal/endpoint","","unreviewed"
"internal/endpoint/heapdump_parser_test.go","go-test","internal/endpoint","","unreviewed"
"internal/endpoint/heapdump_role_map_capture_test.go","go-test","internal/endpoint","","unreviewed"
"internal/endpoint/installed_worker_artifact_linux.go","production-go","internal/endpoint","confined-application","first-source-pass"
"internal/endpoint/installed_worker_cgroup_linux.go","production-go","internal/endpoint","confined-application","first-source-pass"
"internal/endpoint/installed_worker_instance_linux.go","production-go","internal/endpoint","confined-application","first-source-pass"
"internal/endpoint/installed_worker_instance_linux_test.go","go-test","internal/endpoint","","unreviewed"
"internal/endpoint/installed_worker_manager_linux.go","production-go","internal/endpoint","confined-application","first-source-pass"
"internal/endpoint/installed_worker_manager_linux_test.go","go-test","internal/endpoint","","unreviewed"
"internal/endpoint/installed_worker_properties_linux.go","production-go","internal/endpoint","confined-application","first-source-pass"
"internal/endpoint/installed_worker_properties_linux_test.go","go-test","internal/endpoint","","unreviewed"
"internal/endpoint/permissionfile/doc.go","production-go","internal/endpoint/permissionfile","permission-issuance","first-source-pass"
"internal/endpoint/permissionfile/files_linux.go","production-go","internal/endpoint/permissionfile","permission-issuance","first-source-pass"
"internal/endpoint/permissionfile/files_linux_test.go","go-test","internal/endpoint/permissionfile","","unreviewed"
"internal/endpoint/portable/access_unix.go","production-go","internal/endpoint/portable","artifact-enrollment","first-source-pass"
"internal/endpoint/portable/access_windows.go","production-go","internal/endpoint/portable","artifact-enrollment","first-source-pass"
"internal/endpoint/portable/doc.go","production-go","internal/endpoint/portable","artifact-enrollment","first-source-pass"
"internal/endpoint/portable/lock_unix.go","production-go","internal/endpoint/portable","artifact-enrollment","first-source-pass"
"internal/endpoint/portable/lock_windows.go","production-go","internal/endpoint/portable","artifact-enrollment","first-source-pass"
"internal/endpoint/portable/paths_unix.go","production-go","internal/endpoint/portable","artifact-enrollment","first-source-pass"
"internal/endpoint/portable/paths_windows.go","production-go","internal/endpoint/portable","artifact-enrollment","first-source-pass"
"internal/endpoint/portable/roots.go","production-go","internal/endpoint/portable","artifact-enrollment","first-source-pass"
"internal/endpoint/portable/runtime.go","production-go","internal/endpoint/portable","artifact-enrollment","first-source-pass"
"internal/endpoint/portable/runtime_test.go","go-test","internal/endpoint/portable","","unreviewed"
"internal/endpoint/protected_service_attachment.go","production-go","internal/endpoint","service-connection","behavior-source-traced"
"internal/endpoint/protected_service_tls.go","production-go","internal/endpoint","service-connection","behavior-source-traced"
"internal/endpoint/protected_service_tls_test.go","go-test","internal/endpoint","","unreviewed"
"internal/endpoint/publisher_attachment_acquisition.go","production-go","internal/endpoint","publication-discovery","first-source-pass"
"internal/endpoint/publisher_attachment_acquisition_test.go","go-test","internal/endpoint","","unreviewed"
"internal/endpoint/publisher_introduction.go","production-go","internal/endpoint","publication-discovery","first-source-pass"
"internal/endpoint/publisher_introduction_harness_test.go","go-test","internal/endpoint","","unreviewed"
"internal/endpoint/publisher_start.go","production-go","internal/endpoint","publication-discovery","first-source-pass"
"internal/endpoint/publisher_start_test.go","go-test","internal/endpoint","","unreviewed"
"internal/endpoint/replacement/bundle.go","production-go","internal/endpoint/replacement","artifact-enrollment","first-source-pass"
"internal/endpoint/replacement/bundle_test.go","go-test","internal/endpoint/replacement","","unreviewed"
"internal/endpoint/replacement/contract.go","production-go","internal/endpoint/replacement","artifact-enrollment","first-source-pass"
"internal/endpoint/replacement/custody_nonmutation_test.go","go-test","internal/endpoint/replacement","","unreviewed"
"internal/endpoint/replacement/doc.go","production-go","internal/endpoint/replacement","artifact-enrollment","first-source-pass"
"internal/endpoint/replacement/lock_linux.go","production-go","internal/endpoint/replacement","artifact-enrollment","first-source-pass"
"internal/endpoint/replacement/lock_nonlinux.go","production-go","internal/endpoint/replacement","artifact-enrollment","first-source-pass"
"internal/endpoint/replacement/operation.go","production-go","internal/endpoint/replacement","artifact-enrollment","first-source-pass"
"internal/endpoint/replacement/operation_test.go","go-test","internal/endpoint/replacement","","unreviewed"
"internal/endpoint/replacement/owned_temporary_residue_linux_test.go","go-test","internal/endpoint/replacement","","unreviewed"
"internal/endpoint/replacement/owned_temporary_residue_test.go","go-test","internal/endpoint/replacement","","unreviewed"
"internal/endpoint/replacement/preactivation_retry.go","production-go","internal/endpoint/replacement","artifact-enrollment","first-source-pass"
"internal/endpoint/replacement/preactivation_retry_linux_test.go","go-test","internal/endpoint/replacement","","unreviewed"
"internal/endpoint/replacement/replacement_linux_test.go","go-test","internal/endpoint/replacement","","unreviewed"
"internal/endpoint/replacement/replacement_nonlinux_test.go","go-test","internal/endpoint/replacement","","unreviewed"
"internal/endpoint/replacement/replacement_test.go","go-test","internal/endpoint/replacement","","unreviewed"
"internal/endpoint/replacement/store.go","production-go","internal/endpoint/replacement","artifact-enrollment","first-source-pass"
"internal/endpoint/replacement/testdata/r049-public-vector-v1/1.snapshot.json","source-asset","internal/endpoint/replacement/testdata/r049-public-vector-v1","","unreviewed"
"internal/endpoint/replacement/testdata/r049-public-vector-v1/1.targets.json","source-asset","internal/endpoint/replacement/testdata/r049-public-vector-v1","","unreviewed"
"internal/endpoint/replacement/testdata/r049-public-vector-v1/README.md","source-asset","internal/endpoint/replacement/testdata/r049-public-vector-v1","","unreviewed"
"internal/endpoint/replacement/testdata/r049-public-vector-v1/artifact.bin","source-asset","internal/endpoint/replacement/testdata/r049-public-vector-v1","","unreviewed"
"internal/endpoint/replacement/testdata/r049-public-vector-v1/expected.json","source-asset","internal/endpoint/replacement/testdata/r049-public-vector-v1","","unreviewed"
"internal/endpoint/replacement/testdata/r049-public-vector-v1/root.json","source-asset","internal/endpoint/replacement/testdata/r049-public-vector-v1","","unreviewed"
"internal/endpoint/replacement/testdata/r049-public-vector-v1/timestamp.json","source-asset","internal/endpoint/replacement/testdata/r049-public-vector-v1","","unreviewed"
"internal/endpoint/service_administration.go","production-go","internal/endpoint","endpoint-admission","first-source-pass"
"internal/endpoint/service_admission.go","production-go","internal/endpoint","endpoint-admission","first-source-pass"
"internal/endpoint/service_connection.go","production-go","internal/endpoint","service-connection","behavior-source-traced"
"internal/endpoint/service_credential.go","production-go","internal/endpoint","publication-discovery","first-source-pass"
"internal/endpoint/service_destination_binding_test.go","go-test","internal/endpoint","","unreviewed"
"internal/endpoint/service_doc.go","production-go","internal/endpoint","service-connection","first-source-pass"
"internal/endpoint/service_instance_fixture_test.go","go-test","internal/endpoint","","unreviewed"
"internal/endpoint/service_name_origin.go","production-go","internal/endpoint","service-connection","first-source-pass"
"internal/endpoint/service_name_origin_test.go","go-test","internal/endpoint","","unreviewed"
"internal/endpoint/service_publication.go","production-go","internal/endpoint","publication-discovery","first-source-pass"
"internal/endpoint/service_recovery_observation_test.go","go-test","internal/endpoint","","unreviewed"
"internal/endpoint/service_recovery_overlap_test.go","go-test","internal/endpoint","","unreviewed"
"internal/endpoint/service_recovery_sequence_test.go","go-test","internal/endpoint","","unreviewed"
"internal/endpoint/service_recovery_test.go","go-test","internal/endpoint","","unreviewed"
"internal/endpoint/service_resources.go","production-go","internal/endpoint","resource-diagnostics","first-source-pass"
"internal/endpoint/service_resources_test.go","go-test","internal/endpoint","","unreviewed"
"internal/endpoint/service_runtime.go","production-go","internal/endpoint","endpoint-admission","first-source-pass"
"internal/endpoint/service_runtime_fixture_test.go","go-test","internal/endpoint","","unreviewed"
"internal/endpoint/service_stream.go","production-go","internal/endpoint","service-connection","first-source-pass"
"internal/endpoint/service_stream_bound_test.go","go-test","internal/endpoint","","unreviewed"
"internal/endpoint/service_stream_semantics_test.go","go-test","internal/endpoint","","unreviewed"
"internal/endpoint/service_tls.go","production-go","internal/endpoint","service-connection","behavior-source-traced"
"internal/endpoint/service_volatile_material.go","production-go","internal/endpoint","endpoint-admission","first-source-pass"
"internal/endpoint/stream_qualification_artifact_linux.go","production-go","internal/endpoint","qualification","first-source-pass"
"internal/endpoint/stream_qualification_connections_linux.go","production-go","internal/endpoint","qualification","first-source-pass"
"internal/endpoint/stream_qualification_idle_linux.go","production-go","internal/endpoint","qualification","first-source-pass"
"internal/endpoint/stream_qualification_measurements_linux_test.go","go-test","internal/endpoint","","unreviewed"
"internal/endpoint/stream_qualification_preflight_linux.go","production-go","internal/endpoint","qualification","first-source-pass"
"internal/endpoint/stream_qualification_preflight_linux_test.go","go-test","internal/endpoint","","unreviewed"
"internal/endpoint/stream_qualification_reader_setup_linux_test.go","go-test","internal/endpoint","","unreviewed"
"internal/endpoint/stream_qualification_replenishment_linux.go","production-go","internal/endpoint","qualification","first-source-pass"
"internal/endpoint/stream_qualification_run_linux_test.go","go-test","internal/endpoint","","unreviewed"
"internal/endpoint/stream_qualification_runtime_linux.go","production-go","internal/endpoint","qualification","first-source-pass"
"internal/endpoint/target_link.go","production-go","internal/endpoint","publication-discovery","first-source-pass"
"internal/endpoint/target_link_test.go","go-test","internal/endpoint","","unreviewed"
"internal/endpoint/text_administration_linux.go","production-go","internal/endpoint","endpoint-admission","first-source-pass"
"internal/endpoint/text_administration_linux_test.go","go-test","internal/endpoint","","unreviewed"
"internal/endpoint/text_admitted_issuance_test.go","go-test","internal/endpoint","","unreviewed"
"internal/endpoint/text_connection_linux.go","production-go","internal/endpoint","endpoint-admission","first-source-pass"
"internal/endpoint/text_connection_linux_test.go","go-test","internal/endpoint","","unreviewed"
"internal/endpoint/text_context.go","production-go","internal/endpoint","endpoint-admission","first-source-pass"
"internal/endpoint/text_context_guard_linux.go","production-go","internal/endpoint","endpoint-admission","first-source-pass"
"internal/endpoint/text_context_retirement.go","production-go","internal/endpoint","endpoint-admission","first-source-pass"
"internal/endpoint/text_context_shutdown.go","production-go","internal/endpoint","endpoint-admission","first-source-pass"
"internal/endpoint/text_context_shutdown_test.go","go-test","internal/endpoint","","unreviewed"
"internal/endpoint/text_context_test.go","go-test","internal/endpoint","","unreviewed"
"internal/endpoint/text_data_role_observation_test.go","go-test","internal/endpoint","","unreviewed"
"internal/endpoint/text_descriptor_history_test.go","go-test","internal/endpoint","","unreviewed"
"internal/endpoint/text_descriptor_publication.go","production-go","internal/endpoint","publication-discovery","first-source-pass"
"internal/endpoint/text_descriptor_publication_test.go","go-test","internal/endpoint","","unreviewed"
"internal/endpoint/text_endpoint_crash_test.go","go-test","internal/endpoint","","unreviewed"
"internal/endpoint/text_interior_set.go","production-go","internal/endpoint","client-path","first-source-pass"
"internal/endpoint/text_interior_set_test.go","go-test","internal/endpoint","","unreviewed"
"internal/endpoint/text_introduction_accept.go","production-go","internal/endpoint","publication-discovery","first-source-pass"
"internal/endpoint/text_introduction_admission.go","production-go","internal/endpoint","publication-discovery","first-source-pass"
"internal/endpoint/text_introduction_boundary_test.go","go-test","internal/endpoint","","unreviewed"
"internal/endpoint/text_introduction_capsule_test.go","go-test","internal/endpoint","","unreviewed"
"internal/endpoint/text_introduction_concurrency_test.go","go-test","internal/endpoint","","unreviewed"
"internal/endpoint/text_introduction_dispatch.go","production-go","internal/endpoint","publication-discovery","first-source-pass"
"internal/endpoint/text_introduction_dispatch_state.go","production-go","internal/endpoint","publication-discovery","first-source-pass"
"internal/endpoint/text_introduction_dispatch_test.go","go-test","internal/endpoint","","unreviewed"
"internal/endpoint/text_introduction_exchange.go","production-go","internal/endpoint","client-path","first-source-pass"
"internal/endpoint/text_introduction_exchange_lifetime.go","production-go","internal/endpoint","client-path","behavior-source-traced"
"internal/endpoint/text_introduction_exchange_lifetime_test.go","go-test","internal/endpoint","","unreviewed"
"internal/endpoint/text_introduction_exchange_set.go","production-go","internal/endpoint","client-path","first-source-pass"
"internal/endpoint/text_introduction_handover_test.go","go-test","internal/endpoint","","unreviewed"
"internal/endpoint/text_introduction_network_test.go","go-test","internal/endpoint","","unreviewed"
"internal/endpoint/text_introduction_prefix_lifecycle.go","production-go","internal/endpoint","client-path","first-source-pass"
"internal/endpoint/text_introduction_prefix_lifecycle_test.go","go-test","internal/endpoint","","unreviewed"
"internal/endpoint/text_introduction_prepare.go","production-go","internal/endpoint","client-path","first-source-pass"
"internal/endpoint/text_introduction_prepare_lifetime_test.go","go-test","internal/endpoint","","unreviewed"
"internal/endpoint/text_introduction_receive.go","production-go","internal/endpoint","publication-discovery","first-source-pass"
"internal/endpoint/text_introduction_recipient.go","production-go","internal/endpoint","client-path","first-source-pass"
"internal/endpoint/text_introduction_recovery.go","production-go","internal/endpoint","publication-discovery","first-source-pass"
"internal/endpoint/text_introduction_recovery_test.go","go-test","internal/endpoint","","unreviewed"
"internal/endpoint/text_introduction_refusal.go","production-go","internal/endpoint","publication-discovery","first-source-pass"
"internal/endpoint/text_introduction_refusal_test.go","go-test","internal/endpoint","","unreviewed"
"internal/endpoint/text_introduction_registration.go","production-go","internal/endpoint","publication-discovery","first-source-pass"
"internal/endpoint/text_introduction_reopen_test.go","go-test","internal/endpoint","","unreviewed"
"internal/endpoint/text_introduction_retry_test.go","go-test","internal/endpoint","","unreviewed"
"internal/endpoint/text_issuance.go","production-go","internal/endpoint","permission-issuance","behavior-source-traced"
"internal/endpoint/text_issuance_idle_test.go","go-test","internal/endpoint","","unreviewed"
"internal/endpoint/text_issuance_network_test.go","go-test","internal/endpoint","","unreviewed"
"internal/endpoint/text_issuance_operation.go","production-go","internal/endpoint","permission-issuance","behavior-source-traced"
"internal/endpoint/text_issuance_test.go","go-test","internal/endpoint","","unreviewed"
"internal/endpoint/text_issuer_stock.go","production-go","internal/endpoint","permission-issuance","behavior-source-traced"
"internal/endpoint/text_job_lifecycle.go","production-go","internal/endpoint","confined-application","first-source-pass"
"internal/endpoint/text_join_acquisition_test.go","go-test","internal/endpoint","","unreviewed"
"internal/endpoint/text_join_network_test.go","go-test","internal/endpoint","","unreviewed"
"internal/endpoint/text_join_service.go","production-go","internal/endpoint","client-path","behavior-source-traced"
"internal/endpoint/text_join_service_network_test.go","go-test","internal/endpoint","","unreviewed"
"internal/endpoint/text_network_duty_test.go","go-test","internal/endpoint","","unreviewed"
"internal/endpoint/text_network_fixture_window_test.go","go-test","internal/endpoint","","unreviewed"
"internal/endpoint/text_network_node_events_test.go","go-test","internal/endpoint","","unreviewed"
"internal/endpoint/text_network_node_fixture_test.go","go-test","internal/endpoint","","unreviewed"
"internal/endpoint/text_operation_flight.go","production-go","internal/endpoint","endpoint-admission","first-source-pass"
"internal/endpoint/text_participant.go","production-go","internal/endpoint","endpoint-admission","first-source-pass"
"internal/endpoint/text_participant_linux.go","production-go","internal/endpoint","endpoint-admission","first-source-pass"
"internal/endpoint/text_participant_linux_test.go","go-test","internal/endpoint","","unreviewed"
"internal/endpoint/text_participant_observation_linux.go","production-go","internal/endpoint","resource-diagnostics","first-source-pass"
"internal/endpoint/text_participant_observation_linux_test.go","go-test","internal/endpoint","","unreviewed"
"internal/endpoint/text_permission.go","production-go","internal/endpoint","permission-issuance","behavior-source-traced"
"internal/endpoint/text_permission_files_linux.go","production-go","internal/endpoint","permission-issuance","behavior-source-traced"
"internal/endpoint/text_permission_files_linux_test.go","go-test","internal/endpoint","","unreviewed"
"internal/endpoint/text_permission_preparation_linux_test.go","go-test","internal/endpoint","","unreviewed"
"internal/endpoint/text_permission_provision_linux.go","production-go","internal/endpoint","permission-issuance","behavior-source-traced"
"internal/endpoint/text_permission_stock.go","production-go","internal/endpoint","permission-issuance","behavior-source-traced"
"internal/endpoint/text_permission_stock_test.go","go-test","internal/endpoint","","unreviewed"
"internal/endpoint/text_permission_test.go","go-test","internal/endpoint","","unreviewed"
"internal/endpoint/text_prefix_opening_operation.go","production-go","internal/endpoint","client-path","first-source-pass"
"internal/endpoint/text_prefix_opening_test.go","go-test","internal/endpoint","","unreviewed"
"internal/endpoint/text_prefix_retirement.go","production-go","internal/endpoint","client-path","first-source-pass"
"internal/endpoint/text_publication_ack_test.go","go-test","internal/endpoint","","unreviewed"
"internal/endpoint/text_publication_cleanup_test.go","go-test","internal/endpoint","","unreviewed"
"internal/endpoint/text_publication_crash_test.go","go-test","internal/endpoint","","unreviewed"
"internal/endpoint/text_publication_drain.go","production-go","internal/endpoint","publication-discovery","first-source-pass"
"internal/endpoint/text_publication_initial_ack_test.go","go-test","internal/endpoint","","unreviewed"
"internal/endpoint/text_publication_link_linux.go","production-go","internal/endpoint","publication-discovery","first-source-pass"
"internal/endpoint/text_publication_link_linux_test.go","go-test","internal/endpoint","","unreviewed"
"internal/endpoint/text_publication_loss_test.go","go-test","internal/endpoint","","unreviewed"
"internal/endpoint/text_publication_pair_lifecycle.go","production-go","internal/endpoint","publication-discovery","first-source-pass"
"internal/endpoint/text_publication_pair_lifecycle_test.go","go-test","internal/endpoint","","unreviewed"
"internal/endpoint/text_publication_platform_linux.go","production-go","internal/endpoint","publication-discovery","first-source-pass"
"internal/endpoint/text_publication_refresh.go","production-go","internal/endpoint","publication-discovery","first-source-pass"
"internal/endpoint/text_publication_refresh_lifecycle_test.go","go-test","internal/endpoint","","unreviewed"
"internal/endpoint/text_publication_refresh_test.go","go-test","internal/endpoint","","unreviewed"
"internal/endpoint/text_publisher_network_linux.go","production-go","internal/endpoint","publication-discovery","first-source-pass"
"internal/endpoint/text_publisher_network_linux_test.go","go-test","internal/endpoint","","unreviewed"
"internal/endpoint/text_publisher_prefix.go","production-go","internal/endpoint","publication-discovery","first-source-pass"
"internal/endpoint/text_publisher_retained_setup_linux_race_test.go","go-test","internal/endpoint","","unreviewed"
"internal/endpoint/text_publisher_retained_setup_linux_test.go","go-test","internal/endpoint","","unreviewed"
"internal/endpoint/text_publisher_source_retirement_test.go","go-test","internal/endpoint","","unreviewed"
"internal/endpoint/text_publisher_start_linux.go","production-go","internal/endpoint","publication-discovery","first-source-pass"
"internal/endpoint/text_publisher_start_linux_test.go","go-test","internal/endpoint","","unreviewed"
"internal/endpoint/text_publisher_withdraw_linux.go","production-go","internal/endpoint","publication-discovery","first-source-pass"
"internal/endpoint/text_publisher_withdraw_linux_test.go","go-test","internal/endpoint","","unreviewed"
"internal/endpoint/text_qualification_reserve_linux_test.go","go-test","internal/endpoint","","unreviewed"
"internal/endpoint/text_read_result_network_linux_test.go","go-test","internal/endpoint","","unreviewed"
"internal/endpoint/text_reader_context_observation_test.go","go-test","internal/endpoint","","unreviewed"
"internal/endpoint/text_reader_process_observation_test.go","go-test","internal/endpoint","","unreviewed"
"internal/endpoint/text_recovery_early_delivery_linux_test.go","go-test","internal/endpoint","","unreviewed"
"internal/endpoint/text_registration_lifetime_test.go","go-test","internal/endpoint","","unreviewed"
"internal/endpoint/text_resolution.go","production-go","internal/endpoint","client-path","first-source-pass"
"internal/endpoint/text_resolution_lifetime_test.go","go-test","internal/endpoint","","unreviewed"
"internal/endpoint/text_resolution_network_test.go","go-test","internal/endpoint","","unreviewed"
"internal/endpoint/text_responder_boundary_test.go","go-test","internal/endpoint","","unreviewed"
"internal/endpoint/text_responder_network_test.go","go-test","internal/endpoint","","unreviewed"
"internal/endpoint/text_responder_prefix.go","production-go","internal/endpoint","client-path","first-source-pass"
"internal/endpoint/text_responder_prefix_lifecycle.go","production-go","internal/endpoint","client-path","first-source-pass"
"internal/endpoint/text_responder_prefix_lifecycle_test.go","go-test","internal/endpoint","","unreviewed"
"internal/endpoint/text_responder_source.go","production-go","internal/endpoint","client-path","first-source-pass"
"internal/endpoint/text_role_durable_state_capture_test.go","go-test","internal/endpoint","","unreviewed"
"internal/endpoint/text_role_durable_state_linux_test.go","go-test","internal/endpoint","","unreviewed"
"internal/endpoint/text_role_observation_test.go","go-test","internal/endpoint","","unreviewed"
"internal/endpoint/text_role_process_child_test.go","go-test","internal/endpoint","","unreviewed"
"internal/endpoint/text_role_process_controller_test.go","go-test","internal/endpoint","","unreviewed"
"internal/endpoint/text_runtime_state_linux.go","production-go","internal/endpoint","endpoint-admission","first-source-pass"
"internal/endpoint/text_runtime_state_nonlinux.go","production-go","internal/endpoint","endpoint-admission","first-source-pass"
"internal/endpoint/text_service_acquisition_installed_linux_test.go","go-test","internal/endpoint","","unreviewed"
"internal/endpoint/text_service_binding.go","production-go","internal/endpoint","service-connection","behavior-source-traced"
"internal/endpoint/text_service_custody_terminal_installed_linux_test.go","go-test","internal/endpoint","","unreviewed"
"internal/endpoint/text_service_publisher_linux.go","production-go","internal/endpoint","service-connection","first-source-pass"
"internal/endpoint/text_service_reader_linux.go","production-go","internal/endpoint","service-connection","behavior-source-traced"
"internal/endpoint/text_service_recovery_authority_test.go","go-test","internal/endpoint","","unreviewed"
"internal/endpoint/text_service_recovery_integration_test.go","go-test","internal/endpoint","","unreviewed"
"internal/endpoint/text_service_recovery_test_owner_test.go","go-test","internal/endpoint","","unreviewed"
"internal/endpoint/text_service_route_recovery.go","production-go","internal/endpoint","service-connection","first-source-pass"
"internal/endpoint/text_service_stream.go","production-go","internal/endpoint","service-connection","behavior-source-traced"
"internal/endpoint/text_service_stream_close_test.go","go-test","internal/endpoint","","unreviewed"
"internal/endpoint/text_service_stream_test.go","go-test","internal/endpoint","","unreviewed"
"internal/endpoint/text_service_workers_linux_test.go","go-test","internal/endpoint","","unreviewed"
"internal/endpoint/text_service_workload_linux.go","production-go","internal/endpoint","confined-application","first-source-pass"
"internal/endpoint/text_source_lifecycle.go","production-go","internal/endpoint","client-path","first-source-pass"
"internal/endpoint/text_source_lifecycle_test.go","go-test","internal/endpoint","","unreviewed"
"internal/endpoint/text_source_operations.go","production-go","internal/endpoint","client-path","first-source-pass"
"internal/endpoint/text_source_operations_test.go","go-test","internal/endpoint","","unreviewed"
"internal/endpoint/text_source_prefix.go","production-go","internal/endpoint","client-path","first-source-pass"
"internal/endpoint/text_source_reopen.go","production-go","internal/endpoint","client-path","first-source-pass"
"internal/endpoint/text_source_separation.go","production-go","internal/endpoint","client-path","first-source-pass"
"internal/endpoint/text_source_state.go","production-go","internal/endpoint","client-path","first-source-pass"
"internal/endpoint/text_token_presentation_test.go","go-test","internal/endpoint","","unreviewed"
"internal/endpoint/text_token_receipt_oracle_test.go","go-test","internal/endpoint","","unreviewed"
"internal/endpoint/text_token_transfer.go","production-go","internal/endpoint","permission-issuance","behavior-source-traced"
"internal/endpoint/text_worker_attachment_linux.go","production-go","internal/endpoint","confined-application","first-source-pass"
"internal/endpoint/text_worker_attachment_linux_test.go","go-test","internal/endpoint","","unreviewed"
"internal/endpoint/text_worker_cleanup_linux.go","production-go","internal/endpoint","confined-application","first-source-pass"
"internal/endpoint/text_worker_cleanup_linux_test.go","go-test","internal/endpoint","","unreviewed"
"internal/endpoint/text_worker_composition_linux_test.go","go-test","internal/endpoint","","unreviewed"
"internal/endpoint/text_worker_escape_installed_linux_test.go","go-test","internal/endpoint","","unreviewed"
"internal/endpoint/text_worker_grant_linux.go","production-go","internal/endpoint","confined-application","first-source-pass"
"internal/endpoint/text_worker_grant_linux_test.go","go-test","internal/endpoint","","unreviewed"
"internal/endpoint/text_worker_hostile_installed_linux_test.go","go-test","internal/endpoint","","unreviewed"
"internal/endpoint/text_worker_initialization_linux.go","production-go","internal/endpoint","confined-application","first-source-pass"
"internal/endpoint/text_worker_initialization_linux_test.go","go-test","internal/endpoint","","unreviewed"
"internal/endpoint/text_worker_installed_linux_test.go","go-test","internal/endpoint","","unreviewed"
"internal/endpoint/text_worker_launch_linux.go","production-go","internal/endpoint","confined-application","first-source-pass"
"internal/endpoint/text_worker_launch_linux_test.go","go-test","internal/endpoint","","unreviewed"
"internal/endpoint/text_worker_lifetime_linux.go","production-go","internal/endpoint","confined-application","first-source-pass"
"internal/endpoint/text_worker_lifetime_linux_test.go","go-test","internal/endpoint","","unreviewed"
"internal/endpoint/text_worker_network_installed_linux_test.go","go-test","internal/endpoint","","unreviewed"
"internal/endpoint/text_worker_network_linux_test.go","go-test","internal/endpoint","","unreviewed"
"internal/endpoint/text_worker_parent_linux.go","production-go","internal/endpoint","confined-application","first-source-pass"
"internal/endpoint/text_worker_parent_linux_test.go","go-test","internal/endpoint","","unreviewed"
"internal/endpoint/text_worker_process_installed_linux_test.go","go-test","internal/endpoint","","unreviewed"
"internal/endpoint/text_worker_progress_installed_linux_test.go","go-test","internal/endpoint","","unreviewed"
"internal/endpoint/text_worker_recovery_installed_linux_test.go","go-test","internal/endpoint","","unreviewed"
"internal/endpoint/text_worker_refresh_installed_linux_test.go","go-test","internal/endpoint","","unreviewed"
"internal/endpoint/tokenjournal/doc.go","production-go","internal/endpoint/tokenjournal","permission-issuance","first-source-pass"
"internal/endpoint/tokenjournal/journal.go","production-go","internal/endpoint/tokenjournal","permission-issuance","first-source-pass"
"internal/endpoint/tokenjournal/journal_test.go","go-test","internal/endpoint/tokenjournal","","unreviewed"
"internal/endpoint/tokenjournal/store.go","production-go","internal/endpoint/tokenjournal","permission-issuance","first-source-pass"
"internal/endpoint/transit/acquisition.go","production-go","internal/endpoint/transit","permission-issuance","first-source-pass"
"internal/endpoint/transit/acquisition_test.go","go-test","internal/endpoint/transit","","unreviewed"
"internal/endpoint/transit/compatibility.go","production-go","internal/endpoint/transit","permission-issuance","first-source-pass"
"internal/endpoint/transit/doc.go","production-go","internal/endpoint/transit","permission-issuance","first-source-pass"
"internal/endpoint/transit/files.go","production-go","internal/endpoint/transit","permission-issuance","first-source-pass"
"internal/endpoint/transit/grant_fixture_test.go","go-test","internal/endpoint/transit","","unreviewed"
"internal/endpoint/transit/lifecycle.go","production-go","internal/endpoint/transit","permission-issuance","first-source-pass"
"internal/endpoint/transit/set.go","production-go","internal/endpoint/transit","permission-issuance","first-source-pass"
"internal/endpoint/transit/stale_completion_test.go","go-test","internal/endpoint/transit","","unreviewed"
"internal/endpoint/transit_client_certificate.go","production-go","internal/endpoint","permission-issuance","first-source-pass"
"internal/endpoint/transit_client_certificate_test.go","go-test","internal/endpoint","","unreviewed"
"internal/endpoint/transit_credential_acquisition.go","production-go","internal/endpoint","permission-issuance","first-source-pass"
"internal/endpoint/transit_credential_fixed_grant_test.go","go-test","internal/endpoint","","unreviewed"
"internal/endpoint/transit_grant_fixture_test.go","go-test","internal/endpoint","","unreviewed"
"internal/endpoint/worker_inventory_linux.go","production-go","internal/endpoint","confined-application","first-source-pass"
"internal/enrollment/companion.go","production-go","internal/enrollment","artifact-enrollment-trust","package-contract-pass"
"internal/enrollment/companion_test.go","go-test","internal/enrollment","","unreviewed"
"internal/enrollment/descriptor.go","production-go","internal/enrollment","artifact-enrollment-trust","package-contract-pass"
"internal/enrollment/doc.go","production-go","internal/enrollment","artifact-enrollment-trust","package-contract-pass"
"internal/enrollment/enrollment.go","production-go","internal/enrollment","artifact-enrollment-trust","package-contract-pass"
"internal/enrollment/enrollment_test.go","go-test","internal/enrollment","","unreviewed"
"internal/enrollment/input.go","production-go","internal/enrollment","artifact-enrollment-trust","package-contract-pass"
"internal/enrollment/input_test.go","go-test","internal/enrollment","","unreviewed"
"internal/enrollment/inventory.go","production-go","internal/enrollment","artifact-enrollment-trust","package-contract-pass"
"internal/enrollment/ownership_unix.go","production-go","internal/enrollment","artifact-enrollment-trust","package-contract-pass"
"internal/enrollment/ownership_windows.go","production-go","internal/enrollment","artifact-enrollment-trust","package-contract-pass"
"internal/enrollment/package_ownership_unix_test.go","go-test","internal/enrollment","","unreviewed"
"internal/entry/admission_history.go","production-go","internal/entry","entry-compatibility-evidence","package-contract-pass"
"internal/entry/atomic_files.go","production-go","internal/entry","entry-durable-primitive","package-contract-pass"
"internal/entry/attachment_lifecycle.go","production-go","internal/entry","entry-invite-contact","package-contract-pass"
"internal/entry/attachment_lifecycle_test.go","go-test","internal/entry","","unreviewed"
"internal/entry/attempt.go","production-go","internal/entry","entry-invite-contact","package-contract-pass"
"internal/entry/carrier_opener_test.go","go-test","internal/entry","","unreviewed"
"internal/entry/closed_adjacent_domains_test.go","go-test","internal/entry","","unreviewed"
"internal/entry/closed_set_store.go","production-go","internal/entry","c0-entry-set","package-contract-pass"
"internal/entry/closed_sets.go","production-go","internal/entry","c0-entry-set","package-contract-pass"
"internal/entry/closed_sets_test.go","go-test","internal/entry","","unreviewed"
"internal/entry/contact.go","production-go","internal/entry","entry-invite-contact","package-contract-pass"
"internal/entry/contract.go","production-go","internal/entry","entry-invite-contact","package-contract-pass"
"internal/entry/directory_sync_unix.go","production-go","internal/entry","entry-durable-primitive","package-contract-pass"
"internal/entry/directory_sync_windows.go","production-go","internal/entry","entry-durable-primitive","package-contract-pass"
"internal/entry/doc.go","production-go","internal/entry","entry-package-contract","package-contract-pass"
"internal/entry/entry_test.go","go-test","internal/entry","","unreviewed"
"internal/entry/guarded_connection.go","production-go","internal/entry","entry-invite-contact","package-contract-pass"
"internal/entry/import.go","production-go","internal/entry","entry-invite-contact","package-contract-pass"
"internal/entry/import_recipient_test.go","go-test","internal/entry","","unreviewed"
"internal/entry/invite.go","production-go","internal/entry","entry-invite-contact","package-contract-pass"
"internal/entry/issue.go","production-go","internal/entry","entry-invite-contact","package-contract-pass"
"internal/entry/open.go","production-go","internal/entry","entry-invite-contact","package-contract-pass"
"internal/entry/persistence.go","production-go","internal/entry","entry-invite-contact","package-contract-pass"
"internal/entry/recipient.go","production-go","internal/entry","entry-invite-contact","package-contract-pass"
"internal/entry/recipient_test.go","go-test","internal/entry","","unreviewed"
"internal/entry/result_json.go","production-go","internal/entry","entry-invite-contact","package-contract-pass"
"internal/entry/revalidate.go","production-go","internal/entry","entry-invite-contact","package-contract-pass"
"internal/entry/root.go","production-go","internal/entry","entry-invite-contact","package-contract-pass"
"internal/entry/root_lease_unix.go","production-go","internal/entry","entry-durable-primitive","package-contract-pass"
"internal/entry/root_lease_windows.go","production-go","internal/entry","entry-durable-primitive","package-contract-pass"
"internal/entry/root_permissions_unix.go","production-go","internal/entry","entry-durable-primitive","package-contract-pass"
"internal/entry/root_permissions_windows.go","production-go","internal/entry","entry-durable-primitive","package-contract-pass"
"internal/entry/state.go","production-go","internal/entry","entry-invite-contact","package-contract-pass"
"internal/entry/validation.go","production-go","internal/entry","entry-invite-contact","package-contract-pass"
"internal/entry/verification.go","production-go","internal/entry","entry-invite-contact","package-contract-pass"
"internal/entry/verification_test.go","go-test","internal/entry","","unreviewed"
"internal/entry/watermark.go","production-go","internal/entry","entry-invite-contact","package-contract-pass"
"internal/naming/alpha/catalog.go","production-go","internal/naming/alpha","alpha-corpus-compatibility","package-contract-pass"
"internal/naming/alpha/catalog_test.go","go-test","internal/naming/alpha","","unreviewed"
"internal/naming/alpha/doc.go","production-go","internal/naming/alpha","alpha-corpus-compatibility","package-contract-pass"
"internal/naming/alpha/persistent_floor.go","production-go","internal/naming/alpha","alpha-corpus-compatibility","package-contract-pass"
"internal/naming/alpha/persistent_floor_permissions_unix.go","production-go","internal/naming/alpha","alpha-corpus-compatibility","package-contract-pass"
"internal/naming/alpha/persistent_floor_permissions_unix_test.go","go-test","internal/naming/alpha","","unreviewed"
"internal/naming/alpha/persistent_floor_permissions_windows.go","production-go","internal/naming/alpha","alpha-corpus-compatibility","package-contract-pass"
"internal/naming/alpha/persistent_floor_unix.go","production-go","internal/naming/alpha","alpha-corpus-compatibility","package-contract-pass"
"internal/naming/alpha/persistent_floor_windows.go","production-go","internal/naming/alpha","alpha-corpus-compatibility","package-contract-pass"
"internal/naming/alpha/private/client.go","production-go","internal/naming/alpha/private","historical-alpha-private-resolution","package-contract-pass"
"internal/naming/alpha/private/contract.go","production-go","internal/naming/alpha/private","historical-alpha-private-resolution","package-contract-pass"
"internal/naming/alpha/private/doc.go","production-go","internal/naming/alpha/private","historical-alpha-private-resolution","package-contract-pass"
"internal/naming/alpha/private/gateway.go","production-go","internal/naming/alpha/private","historical-alpha-private-resolution","package-contract-pass"
"internal/naming/alpha/private/message.go","production-go","internal/naming/alpha/private","historical-alpha-private-resolution","package-contract-pass"
"internal/naming/alpha/private/private_test.go","go-test","internal/naming/alpha/private","","unreviewed"
"internal/naming/alpha/private/profile.go","production-go","internal/naming/alpha/private","historical-alpha-private-resolution","package-contract-pass"
"internal/naming/alpha/private/redirect_test.go","go-test","internal/naming/alpha/private","","unreviewed"
"internal/naming/alpha/private/relay.go","production-go","internal/naming/alpha/private","historical-alpha-private-resolution","package-contract-pass"
"internal/naming/alpha/service_link.go","production-go","internal/naming/alpha","alpha-corpus-compatibility","package-contract-pass"
"internal/naming/alpha/service_link_test.go","go-test","internal/naming/alpha","","unreviewed"
"internal/naming/alpha/session_floor.go","production-go","internal/naming/alpha","alpha-corpus-compatibility","package-contract-pass"
"internal/naming/doc.go","production-go","internal/naming","canonical-name-codec","package-contract-pass"
"internal/naming/name.go","production-go","internal/naming","canonical-name-codec","package-contract-pass"
"internal/naming/name_test.go","go-test","internal/naming","","unreviewed"
"internal/naming/namespace/admission/admission.go","production-go","internal/naming/namespace/admission","namespace-admission-uncomposed","package-contract-pass"
"internal/naming/namespace/admission/admission_contract.go","production-go","internal/naming/namespace/admission","namespace-admission-uncomposed","package-contract-pass"
"internal/naming/namespace/admission/admission_proof.go","production-go","internal/naming/namespace/admission","namespace-admission-uncomposed","package-contract-pass"
"internal/naming/namespace/admission/admission_surface_test.go","go-test","internal/naming/namespace/admission","","unreviewed"
"internal/naming/namespace/admission/doc.go","production-go","internal/naming/namespace/admission","namespace-admission-uncomposed","package-contract-pass"
"internal/naming/namespace/admission_benchmark_test.go","go-test","internal/naming/namespace","","unreviewed"
"internal/naming/namespace/admission_test.go","go-test","internal/naming/namespace","","unreviewed"
"internal/naming/namespace/authority/authority_control.go","production-go","internal/naming/namespace/authority","namespace-authority-uncomposed","package-contract-pass"
"internal/naming/namespace/authority/authority_control_test.go","go-test","internal/naming/namespace/authority","","unreviewed"
"internal/naming/namespace/authority/authority_intent.go","production-go","internal/naming/namespace/authority","namespace-authority-uncomposed","package-contract-pass"
"internal/naming/namespace/authority/authority_operation.go","production-go","internal/naming/namespace/authority","namespace-authority-uncomposed","package-contract-pass"
"internal/naming/namespace/authority/authority_preparation.go","production-go","internal/naming/namespace/authority","namespace-authority-uncomposed","package-contract-pass"
"internal/naming/namespace/authority/authority_preparation_test.go","go-test","internal/naming/namespace/authority","","unreviewed"
"internal/naming/namespace/authority/authority_transition.go","production-go","internal/naming/namespace/authority","namespace-authority-uncomposed","package-contract-pass"
"internal/naming/namespace/authority/authority_validation.go","production-go","internal/naming/namespace/authority","namespace-authority-uncomposed","package-contract-pass"
"internal/naming/namespace/authority/claim_fixture_test.go","go-test","internal/naming/namespace/authority","","unreviewed"
"internal/naming/namespace/authority/doc.go","production-go","internal/naming/namespace/authority","namespace-authority-uncomposed","package-contract-pass"
"internal/naming/namespace/authority/epoch_installation_claim_pending_test.go","go-test","internal/naming/namespace/authority","","unreviewed"
"internal/naming/namespace/authority/fixture_contract_test.go","go-test","internal/naming/namespace/authority","","unreviewed"
"internal/naming/namespace/authority/pending_journal_test.go","go-test","internal/naming/namespace/authority","","unreviewed"
"internal/naming/namespace/authority_transition_test.go","go-test","internal/naming/namespace","","unreviewed"
"internal/naming/namespace/claim/claim_application.go","production-go","internal/naming/namespace/claim","namespace-claim-uncomposed","package-contract-pass"
"internal/naming/namespace/claim/claim_contract.go","production-go","internal/naming/namespace/claim","namespace-claim-uncomposed","package-contract-pass"
"internal/naming/namespace/claim/claim_ingestion.go","production-go","internal/naming/namespace/claim","namespace-claim-uncomposed","package-contract-pass"
"internal/naming/namespace/claim/claim_interface_test.go","go-test","internal/naming/namespace/claim","","unreviewed"
"internal/naming/namespace/claim/claim_proof_wire.go","production-go","internal/naming/namespace/claim","namespace-claim-uncomposed","package-contract-pass"
"internal/naming/namespace/claim/claim_transcript.go","production-go","internal/naming/namespace/claim","namespace-claim-uncomposed","package-contract-pass"
"internal/naming/namespace/claim/claim_verify.go","production-go","internal/naming/namespace/claim","namespace-claim-uncomposed","package-contract-pass"
"internal/naming/namespace/claim/doc.go","production-go","internal/naming/namespace/claim","namespace-claim-uncomposed","package-contract-pass"
"internal/naming/namespace/claim_application_test.go","go-test","internal/naming/namespace","","unreviewed"
"internal/naming/namespace/claim_ingestion_test.go","go-test","internal/naming/namespace","","unreviewed"
"internal/naming/namespace/claim_order_test.go","go-test","internal/naming/namespace","","unreviewed"
"internal/naming/namespace/doc.go","production-go","internal/naming/namespace","namespace-views-uncomposed","package-contract-pass"
"internal/naming/namespace/epoch/doc.go","production-go","internal/naming/namespace/epoch","namespace-epoch-uncomposed","package-contract-pass"
"internal/naming/namespace/epoch/epoch_installation.go","production-go","internal/naming/namespace/epoch","namespace-epoch-uncomposed","package-contract-pass"
"internal/naming/namespace/epoch/materialization_build.go","production-go","internal/naming/namespace/epoch","namespace-epoch-uncomposed","package-contract-pass"
"internal/naming/namespace/epoch/materialization_chunks.go","production-go","internal/naming/namespace/epoch","namespace-epoch-uncomposed","package-contract-pass"
"internal/naming/namespace/epoch/materialization_contract.go","production-go","internal/naming/namespace/epoch","namespace-epoch-uncomposed","package-contract-pass"
"internal/naming/namespace/epoch/materialization_encoding.go","production-go","internal/naming/namespace/epoch","namespace-epoch-uncomposed","package-contract-pass"
"internal/naming/namespace/epoch/materialization_proof.go","production-go","internal/naming/namespace/epoch","namespace-epoch-uncomposed","package-contract-pass"
"internal/naming/namespace/epoch/materialization_statement.go","production-go","internal/naming/namespace/epoch","namespace-epoch-uncomposed","package-contract-pass"
"internal/naming/namespace/epoch/materialization_store.go","production-go","internal/naming/namespace/epoch","namespace-epoch-uncomposed","package-contract-pass"
"internal/naming/namespace/epoch/name_authority_reconciliation.go","production-go","internal/naming/namespace/epoch","namespace-epoch-uncomposed","package-contract-pass"
"internal/naming/namespace/epoch/namespace_commitment.go","production-go","internal/naming/namespace/epoch","namespace-epoch-uncomposed","package-contract-pass"
"internal/naming/namespace/epoch/namespace_commitment_test.go","go-test","internal/naming/namespace/epoch","","unreviewed"
"internal/naming/namespace/epoch/namespace_generation_commit.go","production-go","internal/naming/namespace/epoch","namespace-epoch-uncomposed","package-contract-pass"
"internal/naming/namespace/epoch/namespace_persistence.go","production-go","internal/naming/namespace/epoch","namespace-epoch-uncomposed","package-contract-pass"
"internal/naming/namespace/epoch/namespace_persistence_unix.go","production-go","internal/naming/namespace/epoch","namespace-epoch-uncomposed","package-contract-pass"
"internal/naming/namespace/epoch/namespace_persistence_windows.go","production-go","internal/naming/namespace/epoch","namespace-epoch-uncomposed","package-contract-pass"
"internal/naming/namespace/epoch/pending_journal.go","production-go","internal/naming/namespace/epoch","namespace-epoch-uncomposed","package-contract-pass"
"internal/naming/namespace/epoch/record_validity_test.go","go-test","internal/naming/namespace/epoch","","unreviewed"
"internal/naming/namespace/materialization_store_test.go","go-test","internal/naming/namespace","","unreviewed"
"internal/naming/namespace/materialization_test.go","go-test","internal/naming/namespace","","unreviewed"
"internal/naming/namespace/record/claim_transition.go","production-go","internal/naming/namespace/record","namespace-record-uncomposed","package-contract-pass"
"internal/naming/namespace/record/doc.go","production-go","internal/naming/namespace/record","namespace-record-uncomposed","package-contract-pass"
"internal/naming/namespace/record/lease_lifecycle.go","production-go","internal/naming/namespace/record","namespace-record-uncomposed","package-contract-pass"
"internal/naming/namespace/record/lease_lifecycle_test.go","go-test","internal/naming/namespace/record","","unreviewed"
"internal/naming/namespace/record/lease_transition.go","production-go","internal/naming/namespace/record","namespace-record-uncomposed","package-contract-pass"
"internal/naming/namespace/record/record_binding.go","production-go","internal/naming/namespace/record","namespace-record-uncomposed","package-contract-pass"
"internal/naming/namespace/record/record_envelope_test.go","go-test","internal/naming/namespace/record","","unreviewed"
"internal/naming/namespace/record/record_parent.go","production-go","internal/naming/namespace/record","namespace-record-uncomposed","package-contract-pass"
"internal/naming/namespace/record/record_parent_test.go","go-test","internal/naming/namespace/record","","unreviewed"
"internal/naming/namespace/record/record_resolution.go","production-go","internal/naming/namespace/record","namespace-record-uncomposed","package-contract-pass"
"internal/naming/namespace/record/record_signature.go","production-go","internal/naming/namespace/record","namespace-record-uncomposed","package-contract-pass"
"internal/naming/namespace/record/record_target.go","production-go","internal/naming/namespace/record","namespace-record-uncomposed","package-contract-pass"
"internal/naming/namespace/record/record_transcript_test.go","go-test","internal/naming/namespace/record","","unreviewed"
"internal/naming/namespace/record/record_validation.go","production-go","internal/naming/namespace/record","namespace-record-uncomposed","package-contract-pass"
"internal/naming/namespace/record/record_wire.go","production-go","internal/naming/namespace/record","namespace-record-uncomposed","package-contract-pass"
"internal/naming/namespace/record/record_wire_test.go","go-test","internal/naming/namespace/record","","unreviewed"
"internal/naming/namespace/record/recovery_authorization.go","production-go","internal/naming/namespace/record","namespace-record-uncomposed","package-contract-pass"
"internal/naming/namespace/record/recovery_lifecycle.go","production-go","internal/naming/namespace/record","namespace-record-uncomposed","package-contract-pass"
"internal/naming/namespace/record/transition_conflict.go","production-go","internal/naming/namespace/record","namespace-record-uncomposed","package-contract-pass"
"internal/naming/namespace/record_binding_test.go","go-test","internal/naming/namespace","","unreviewed"
"internal/naming/namespace/record_signature_test.go","go-test","internal/naming/namespace","","unreviewed"
"internal/naming/namespace/record_target_test.go","go-test","internal/naming/namespace","","unreviewed"
"internal/naming/namespace/recovery/doc.go","production-go","internal/naming/namespace/recovery","namespace-recovery-uncomposed","package-contract-pass"
"internal/naming/namespace/recovery/recovery_authorize.go","production-go","internal/naming/namespace/recovery","namespace-recovery-uncomposed","package-contract-pass"
"internal/naming/namespace/recovery/recovery_contract.go","production-go","internal/naming/namespace/recovery","namespace-recovery-uncomposed","package-contract-pass"
"internal/naming/namespace/recovery/recovery_interface_test.go","go-test","internal/naming/namespace/recovery","","unreviewed"
"internal/naming/namespace/recovery/recovery_transcript.go","production-go","internal/naming/namespace/recovery","namespace-recovery-uncomposed","package-contract-pass"
"internal/naming/namespace/recovery_lifecycle_test.go","go-test","internal/naming/namespace","","unreviewed"
"internal/naming/namespace/recovery_policy_test.go","go-test","internal/naming/namespace","","unreviewed"
"internal/naming/namespace/resolution_view.go","production-go","internal/naming/namespace","namespace-views-uncomposed","package-contract-pass"
"internal/naming/namespace/resolution_view_test.go","go-test","internal/naming/namespace","","unreviewed"
"internal/naming/r041_test.go","go-test","internal/naming","","unreviewed"
"internal/naming/resolution/admission_codec.go","production-go","internal/naming/resolution","private-name-resolution-uncomposed","package-contract-pass"
"internal/naming/resolution/contract.go","production-go","internal/naming/resolution","private-name-resolution-uncomposed","package-contract-pass"
"internal/naming/resolution/control_client.go","production-go","internal/naming/resolution","private-name-resolution-uncomposed","package-contract-pass"
"internal/naming/resolution/control_gateway.go","production-go","internal/naming/resolution","private-name-resolution-uncomposed","package-contract-pass"
"internal/naming/resolution/control_message.go","production-go","internal/naming/resolution","private-name-resolution-uncomposed","package-contract-pass"
"internal/naming/resolution/control_selection.go","production-go","internal/naming/resolution","private-name-resolution-uncomposed","package-contract-pass"
"internal/naming/resolution/control_test.go","go-test","internal/naming/resolution","","unreviewed"
"internal/naming/resolution/deep_name_process_test.go","go-test","internal/naming/resolution","","unreviewed"
"internal/naming/resolution/doc.go","production-go","internal/naming/resolution","private-name-resolution-uncomposed","package-contract-pass"
"internal/naming/resolution/gateway.go","production-go","internal/naming/resolution","private-name-resolution-uncomposed","package-contract-pass"
"internal/naming/resolution/gateway_profile.go","production-go","internal/naming/resolution","private-name-resolution-uncomposed","package-contract-pass"
"internal/naming/resolution/gateway_state.go","production-go","internal/naming/resolution","private-name-resolution-uncomposed","package-contract-pass"
"internal/naming/resolution/materialization_fixture_test.go","go-test","internal/naming/resolution","","unreviewed"
"internal/naming/resolution/message.go","production-go","internal/naming/resolution","private-name-resolution-uncomposed","package-contract-pass"
"internal/naming/resolution/message_test.go","go-test","internal/naming/resolution","","unreviewed"
"internal/naming/resolution/process_test.go","go-test","internal/naming/resolution","","unreviewed"
"internal/naming/resolution/records_test.go","go-test","internal/naming/resolution","","unreviewed"
"internal/naming/resolution/redirect_test.go","go-test","internal/naming/resolution","","unreviewed"
"internal/naming/resolution/relay.go","production-go","internal/naming/resolution","private-name-resolution-uncomposed","package-contract-pass"
"internal/naming/resolution/relay_test.go","go-test","internal/naming/resolution","","unreviewed"
"internal/naming/resolution/resolution_test.go","go-test","internal/naming/resolution","","unreviewed"
"internal/naming/resolution/resolver.go","production-go","internal/naming/resolution","private-name-resolution-uncomposed","package-contract-pass"
"internal/naming/resolution/role_evidence.go","production-go","internal/naming/resolution","private-name-resolution-uncomposed","package-contract-pass"
"internal/naming/resolution/role_evidence_test.go","go-test","internal/naming/resolution","","unreviewed"
"internal/naming/resolution/selection.go","production-go","internal/naming/resolution","private-name-resolution-uncomposed","package-contract-pass"
"internal/naming/wire.go","production-go","internal/naming","canonical-name-codec","package-contract-pass"
"internal/naming/wire_test.go","go-test","internal/naming","","unreviewed"
"internal/network/duty/atomic_files.go","production-go","internal/network/duty","local-role-duty-ledger","package-contract-pass"
"internal/network/duty/conflict_concurrency_test.go","go-test","internal/network/duty","","unreviewed"
"internal/network/duty/conflict_read.go","production-go","internal/network/duty","local-role-duty-ledger","package-contract-pass"
"internal/network/duty/conflict_read_test.go","go-test","internal/network/duty","","unreviewed"
"internal/network/duty/contract.go","production-go","internal/network/duty","local-role-duty-ledger","package-contract-pass"
"internal/network/duty/directory_sync_unix.go","production-go","internal/network/duty","local-role-duty-ledger","package-contract-pass"
"internal/network/duty/directory_sync_windows.go","production-go","internal/network/duty","local-role-duty-ledger","package-contract-pass"
"internal/network/duty/doc.go","production-go","internal/network/duty","local-role-duty-ledger","package-contract-pass"
"internal/network/duty/operation_lease.go","production-go","internal/network/duty","local-role-duty-ledger","package-contract-pass"
"internal/network/duty/operation_lease_test.go","go-test","internal/network/duty","","unreviewed"
"internal/network/duty/persistence.go","production-go","internal/network/duty","local-role-duty-ledger","package-contract-pass"
"internal/network/duty/root.go","production-go","internal/network/duty","local-role-duty-ledger","package-contract-pass"
"internal/network/duty/root_lease_unix.go","production-go","internal/network/duty","local-role-duty-ledger","package-contract-pass"
"internal/network/duty/root_lease_windows.go","production-go","internal/network/duty","local-role-duty-ledger","package-contract-pass"
"internal/network/duty/root_permissions_unix.go","production-go","internal/network/duty","local-role-duty-ledger","package-contract-pass"
"internal/network/duty/root_permissions_windows.go","production-go","internal/network/duty","local-role-duty-ledger","package-contract-pass"
"internal/network/duty/source_collision_chain_test.go","go-test","internal/network/duty","","unreviewed"
"internal/network/duty/store.go","production-go","internal/network/duty","local-role-duty-ledger","package-contract-pass"
"internal/network/duty/store_limits_test.go","go-test","internal/network/duty","","unreviewed"
"internal/network/duty/store_test.go","go-test","internal/network/duty","","unreviewed"
"internal/network/source/credentials.go","production-go","internal/network/source","private-network-state-source","package-contract-pass"
"internal/network/source/credentials_test.go","go-test","internal/network/source","","unreviewed"
"internal/network/source/doc.go","production-go","internal/network/source","private-network-state-source","package-contract-pass"
"internal/network/source/plan.go","production-go","internal/network/source","private-network-state-source","package-contract-pass"
"internal/network/source/protocol.go","production-go","internal/network/source","private-network-state-source","package-contract-pass"
"internal/network/source/protocol_test.go","go-test","internal/network/source","","unreviewed"
"internal/network/source/source_observation_test.go","go-test","internal/network/source","","unreviewed"
"internal/network/source/source_tls_verification_test.go","go-test","internal/network/source","","unreviewed"
"internal/network/source/transport.go","production-go","internal/network/source","private-network-state-source","package-contract-pass"
"internal/network/source/transport_test.go","go-test","internal/network/source","","unreviewed"
"internal/network/state/attempts.go","production-go","internal/network/state","network-state-runtime","package-contract-pass"
"internal/network/state/automatic_refresh_export_test.go","go-test","internal/network/state","","unreviewed"
"internal/network/state/automatic_refresh_test.go","go-test","internal/network/state","","unreviewed"
"internal/network/state/bundle.go","production-go","internal/network/state","network-state-runtime","package-contract-pass"
"internal/network/state/candidate.go","production-go","internal/network/state","network-state-runtime","package-contract-pass"
"internal/network/state/clock_observation.go","production-go","internal/network/state","state-runtime-observation","package-contract-pass"
"internal/network/state/closed_adjacent_domains_test.go","go-test","internal/network/state","","unreviewed"
"internal/network/state/closed_profile.go","production-go","internal/network/state","closed-profile-acceptance","package-contract-pass"
"internal/network/state/closed_profile_accept.go","production-go","internal/network/state","closed-profile-acceptance","behavior-source-traced"
"internal/network/state/closed_profile_liveness_test.go","go-test","internal/network/state","","unreviewed"
"internal/network/state/closed_profile_prepare.go","production-go","internal/network/state","closed-profile-acceptance","package-contract-pass"
"internal/network/state/closed_profile_spki_test.go","go-test","internal/network/state","","unreviewed"
"internal/network/state/closed_profile_store.go","production-go","internal/network/state","closed-profile-acceptance","behavior-source-traced"
"internal/network/state/closed_profile_store_test.go","go-test","internal/network/state","","unreviewed"
"internal/network/state/closed_profile_test.go","go-test","internal/network/state","","unreviewed"
"internal/network/state/config_validation.go","production-go","internal/network/state","network-state-runtime","package-contract-pass"
"internal/network/state/contract.go","production-go","internal/network/state","network-state-runtime","package-contract-pass"
"internal/network/state/control_decoding.go","production-go","internal/network/state","network-control-format","package-contract-pass"
"internal/network/state/control_encoding.go","production-go","internal/network/state","network-control-format","package-contract-pass"
"internal/network/state/control_state.go","production-go","internal/network/state","network-control-format","behavior-source-traced"
"internal/network/state/decoder.go","production-go","internal/network/state","network-state-runtime","package-contract-pass"
"internal/network/state/decoder_test.go","go-test","internal/network/state","","unreviewed"
"internal/network/state/destination_resolution_gateway.go","production-go","internal/network/state","state-views","package-contract-pass"
"internal/network/state/destination_resolution_gateway_test.go","go-test","internal/network/state","","unreviewed"
"internal/network/state/digest.go","production-go","internal/network/state","network-state-runtime","package-contract-pass"
"internal/network/state/distribution_journal.go","production-go","internal/network/state","network-state-durability","package-contract-pass"
"internal/network/state/distribution_journal_test.go","go-test","internal/network/state","","unreviewed"
"internal/network/state/doc.go","production-go","internal/network/state","network-state-runtime","package-contract-pass"
"internal/network/state/durable_files.go","production-go","internal/network/state","network-state-durability","package-contract-pass"
"internal/network/state/durable_root.go","production-go","internal/network/state","network-state-durability","package-contract-pass"
"internal/network/state/durable_store.go","production-go","internal/network/state","network-state-durability","package-contract-pass"
"internal/network/state/durable_unix.go","production-go","internal/network/state","network-state-durability","package-contract-pass"
"internal/network/state/durable_windows.go","production-go","internal/network/state","network-state-durability","package-contract-pass"
"internal/network/state/epoch.go","production-go","internal/network/state","network-epoch-verification","package-contract-pass"
"internal/network/state/epoch_assignment.go","production-go","internal/network/state","network-epoch-verification","package-contract-pass"
"internal/network/state/epoch_assignment_test.go","go-test","internal/network/state","","unreviewed"
"internal/network/state/epoch_candidate_projection.go","production-go","internal/network/state","network-epoch-verification","package-contract-pass"
"internal/network/state/epoch_candidate_view.go","production-go","internal/network/state","network-epoch-verification","package-contract-pass"
"internal/network/state/epoch_chain.go","production-go","internal/network/state","network-epoch-verification","package-contract-pass"
"internal/network/state/epoch_commitment.go","production-go","internal/network/state","network-epoch-verification","package-contract-pass"
"internal/network/state/epoch_commitment_proof.go","production-go","internal/network/state","network-epoch-verification","package-contract-pass"
"internal/network/state/epoch_commitment_test.go","go-test","internal/network/state","","unreviewed"
"internal/network/state/epoch_envelope.go","production-go","internal/network/state","network-epoch-verification","package-contract-pass"
"internal/network/state/epoch_materialization.go","production-go","internal/network/state","network-epoch-verification","package-contract-pass"
"internal/network/state/epoch_materialized_snapshot.go","production-go","internal/network/state","network-epoch-verification","package-contract-pass"
"internal/network/state/epoch_profile.go","production-go","internal/network/state","network-epoch-verification","package-contract-pass"
"internal/network/state/epoch_profile_test.go","go-test","internal/network/state","","unreviewed"
"internal/network/state/epoch_record.go","production-go","internal/network/state","network-epoch-verification","package-contract-pass"
"internal/network/state/epoch_role_assignment.go","production-go","internal/network/state","network-epoch-verification","package-contract-pass"
"internal/network/state/epoch_verifier_contract.go","production-go","internal/network/state","network-epoch-verification","package-contract-pass"
"internal/network/state/epoch_verifier_property_test.go","go-test","internal/network/state","","unreviewed"
"internal/network/state/exposure.go","production-go","internal/network/state","state-views","package-contract-pass"
"internal/network/state/fallback_test.go","go-test","internal/network/state","","unreviewed"
"internal/network/state/fixture_commitment_test.go","go-test","internal/network/state","","unreviewed"
"internal/network/state/fixture_encoding_test.go","go-test","internal/network/state","","unreviewed"
"internal/network/state/fixture_test.go","go-test","internal/network/state","","unreviewed"
"internal/network/state/golden_test.go","go-test","internal/network/state","","unreviewed"
"internal/network/state/lifecycle.go","production-go","internal/network/state","network-state-runtime","behavior-source-traced"
"internal/network/state/local_roles.go","production-go","internal/network/state","state-views","package-contract-pass"
"internal/network/state/local_roles_concurrency_test.go","go-test","internal/network/state","","unreviewed"
"internal/network/state/node_duty_view.go","production-go","internal/network/state","state-views","package-contract-pass"
"internal/network/state/node_duty_view_test.go","go-test","internal/network/state","","unreviewed"
"internal/network/state/offline_accept.go","production-go","internal/network/state","network-state-runtime","behavior-source-traced"
"internal/network/state/offline_pending_consistency_test.go","go-test","internal/network/state","","unreviewed"
"internal/network/state/open.go","production-go","internal/network/state","network-state-runtime","behavior-source-traced"
"internal/network/state/outcomes.go","production-go","internal/network/state","network-state-runtime","package-contract-pass"
"internal/network/state/outcomes_test.go","go-test","internal/network/state","","unreviewed"
"internal/network/state/pending.go","production-go","internal/network/state","network-state-durability","package-contract-pass"
"internal/network/state/pending_completion_time_test.go","go-test","internal/network/state","","unreviewed"
"internal/network/state/publisher_attachment_test.go","go-test","internal/network/state","","unreviewed"
"internal/network/state/recovery.go","production-go","internal/network/state","network-state-durability","package-contract-pass"
"internal/network/state/refresh.go","production-go","internal/network/state","network-state-runtime","behavior-source-traced"
"internal/network/state/refresh_cycle_test.go","go-test","internal/network/state","","unreviewed"
"internal/network/state/refresh_test.go","go-test","internal/network/state","","unreviewed"
"internal/network/state/resolution_view.go","production-go","internal/network/state","state-views","package-contract-pass"
"internal/network/state/resolution_view_test.go","go-test","internal/network/state","","unreviewed"
"internal/network/state/resources.go","production-go","internal/network/state","state-runtime-observation","package-contract-pass"
"internal/network/state/route_view_test.go","go-test","internal/network/state","","unreviewed"
"internal/network/state/runtime_state.go","production-go","internal/network/state","network-state-runtime","package-contract-pass"
"internal/network/state/scheduler.go","production-go","internal/network/state","network-state-runtime","behavior-source-traced"
"internal/network/state/scheduler_test.go","go-test","internal/network/state","","unreviewed"
"internal/network/state/selection.go","production-go","internal/network/state","network-state-runtime","behavior-source-traced"
"internal/network/state/selection_commit.go","production-go","internal/network/state","network-state-durability","behavior-source-traced"
"internal/network/state/server.go","production-go","internal/network/state","network-state-runtime","package-contract-pass"
"internal/network/state/snapshot_access.go","production-go","internal/network/state","state-views","package-contract-pass"
"internal/network/state/state_test.go","go-test","internal/network/state","","unreviewed"
"internal/network/state/storage.go","production-go","internal/network/state","network-state-durability","package-contract-pass"
"internal/network/state/testdata/assignment-transition.json","source-asset","internal/network/state/testdata","","unreviewed"
"internal/network/state/testdata/epoch.hex","source-asset","internal/network/state/testdata","","unreviewed"
"internal/network/state/testdata/input-0000.hex","source-asset","internal/network/state/testdata","","unreviewed"
"internal/network/state/testdata/input-0001.hex","source-asset","internal/network/state/testdata","","unreviewed"
"internal/network/state/testdata/input-0002.hex","source-asset","internal/network/state/testdata","","unreviewed"
"internal/network/state/testdata/input-0003.hex","source-asset","internal/network/state/testdata","","unreviewed"
"internal/network/state/testdata/input-0004.hex","source-asset","internal/network/state/testdata","","unreviewed"
"internal/network/state/testdata/input-0005.hex","source-asset","internal/network/state/testdata","","unreviewed"
"internal/network/state/testdata/input-0006.hex","source-asset","internal/network/state/testdata","","unreviewed"
"internal/network/state/testdata/input-0007.hex","source-asset","internal/network/state/testdata","","unreviewed"
"internal/network/state/testdata/materialization-0000.hex","source-asset","internal/network/state/testdata","","unreviewed"
"internal/network/state/transit_issuance.go","production-go","internal/network/state","state-views","package-contract-pass"
"internal/network/state/validation_test.go","go-test","internal/network/state","","unreviewed"
"internal/node/admission.go","production-go","internal/node","node-duty","first-source-pass"
"internal/node/admission_deadline.go","production-go","internal/node","node-duty","first-source-pass"
"internal/node/admission_deadline_test.go","go-test","internal/node","","unreviewed"
"internal/node/admission_test.go","go-test","internal/node","","unreviewed"
"internal/node/certificate_fixture_test.go","go-test","internal/node","","unreviewed"
"internal/node/clock_observation.go","production-go","internal/node","resource-diagnostics","first-source-pass"
"internal/node/clock_observation_test.go","go-test","internal/node","","unreviewed"
"internal/node/closed_admitted_issuer_test.go","go-test","internal/node","","unreviewed"
"internal/node/closed_bootstrap_client_test.go","go-test","internal/node","","unreviewed"
"internal/node/closed_bootstrap_forwarding.go","production-go","internal/node","node-duty","first-source-pass"
"internal/node/closed_bootstrap_forwarding_test.go","go-test","internal/node","","unreviewed"
"internal/node/closed_bootstrap_network_test.go","go-test","internal/node","","unreviewed"
"internal/node/closed_carrier_relay.go","production-go","internal/node","node-duty","first-source-pass"
"internal/node/closed_carrier_relay_test.go","go-test","internal/node","","unreviewed"
"internal/node/closed_forward_recipient.go","production-go","internal/node","node-duty","first-source-pass"
"internal/node/closed_forward_recipient_test.go","go-test","internal/node","","unreviewed"
"internal/node/closed_forwarding_admission.go","production-go","internal/node","node-duty","first-source-pass"
"internal/node/closed_forwarding_admission_cleanup_linux_test.go","go-test","internal/node","","unreviewed"
"internal/node/closed_forwarding_carrier.go","production-go","internal/node","node-duty","first-source-pass"
"internal/node/closed_forwarding_carrier_test.go","go-test","internal/node","","unreviewed"
"internal/node/closed_forwarding_deadline_test.go","go-test","internal/node","","unreviewed"
"internal/node/closed_forwarding_expiry_test.go","go-test","internal/node","","unreviewed"
"internal/node/closed_forwarding_handoff_linux_test.go","go-test","internal/node","","unreviewed"
"internal/node/closed_forwarding_host.go","production-go","internal/node","resource-diagnostics","first-source-pass"
"internal/node/closed_forwarding_host_test.go","go-test","internal/node","","unreviewed"
"internal/node/closed_forwarding_link.go","production-go","internal/node","node-duty","first-source-pass"
"internal/node/closed_forwarding_link_test.go","go-test","internal/node","","unreviewed"
"internal/node/closed_forwarding_listener.go","production-go","internal/node","node-duty","first-source-pass"
"internal/node/closed_forwarding_open_actual_linux_test.go","go-test","internal/node","","unreviewed"
"internal/node/closed_forwarding_open_deadline_linux_test.go","go-test","internal/node","","unreviewed"
"internal/node/closed_forwarding_open_order_test.go","go-test","internal/node","","unreviewed"
"internal/node/closed_forwarding_open_same_key_linux_test.go","go-test","internal/node","","unreviewed"
"internal/node/closed_forwarding_parent_reader_linux_test.go","go-test","internal/node","","unreviewed"
"internal/node/closed_forwarding_parent_writer_linux_test.go","go-test","internal/node","","unreviewed"
"internal/node/closed_forwarding_queue.go","production-go","internal/node","node-duty","first-source-pass"
"internal/node/closed_forwarding_reader_shutdown_linux_test.go","go-test","internal/node","","unreviewed"
"internal/node/closed_forwarding_reader_shutdown_test.go","go-test","internal/node","","unreviewed"
"internal/node/closed_forwarding_receiving.go","production-go","internal/node","node-duty","first-source-pass"
"internal/node/closed_forwarding_receiving_test.go","go-test","internal/node","","unreviewed"
"internal/node/closed_forwarding_session_cancellation_test.go","go-test","internal/node","","unreviewed"
"internal/node/closed_forwarding_shutdown.go","production-go","internal/node","node-duty","first-source-pass"
"internal/node/closed_forwarding_shutdown_test.go","go-test","internal/node","","unreviewed"
"internal/node/closed_forwarding_spend_failure_test.go","go-test","internal/node","","unreviewed"
"internal/node/closed_forwarding_terminal_queue_test.go","go-test","internal/node","","unreviewed"
"internal/node/closed_forwarding_terminal_test.go","go-test","internal/node","","unreviewed"
"internal/node/closed_hosting.go","production-go","internal/node","resource-diagnostics","first-source-pass"
"internal/node/closed_introduction_crash_test.go","go-test","internal/node","","unreviewed"
"internal/node/closed_introduction_delivery.go","production-go","internal/node","node-duty","first-source-pass"
"internal/node/closed_introduction_delivery_observation_test.go","go-test","internal/node","","unreviewed"
"internal/node/closed_introduction_delivery_test.go","go-test","internal/node","","unreviewed"
"internal/node/closed_introduction_heap_child_test.go","go-test","internal/node","","unreviewed"
"internal/node/closed_introduction_heap_process_test.go","go-test","internal/node","","unreviewed"
"internal/node/closed_introduction_heap_submission_test.go","go-test","internal/node","","unreviewed"
"internal/node/closed_introduction_listener.go","production-go","internal/node","node-duty","first-source-pass"
"internal/node/closed_introduction_network_test.go","go-test","internal/node","","unreviewed"
"internal/node/closed_introduction_observation_test.go","go-test","internal/node","","unreviewed"
"internal/node/closed_introduction_receiver_observation_test.go","go-test","internal/node","","unreviewed"
"internal/node/closed_introduction_registration.go","production-go","internal/node","node-duty","first-source-pass"
"internal/node/closed_introduction_restart_test.go","go-test","internal/node","","unreviewed"
"internal/node/closed_issuer_listener.go","production-go","internal/node","node-duty","first-source-pass"
"internal/node/closed_issuer_listener_test.go","go-test","internal/node","","unreviewed"
"internal/node/closed_join_listener.go","production-go","internal/node","node-duty","first-source-pass"
"internal/node/closed_join_network_test.go","go-test","internal/node","","unreviewed"
"internal/node/closed_join_operation.go","production-go","internal/node","node-duty","first-source-pass"
"internal/node/closed_listen_bind.go","production-go","internal/node","node-duty","first-source-pass"
"internal/node/closed_listen_bind_test.go","go-test","internal/node","","unreviewed"
"internal/node/closed_listener_address_test.go","go-test","internal/node","","unreviewed"
"internal/node/closed_node_restriction_test.go","go-test","internal/node","","unreviewed"
"internal/node/closed_outer_issuer.go","production-go","internal/node","node-duty","first-source-pass"
"internal/node/closed_outer_issuer_test.go","go-test","internal/node","","unreviewed"
"internal/node/closed_outer_lifetime.go","production-go","internal/node","protected-wire","first-source-pass"
"internal/node/closed_outer_lifetime_test.go","go-test","internal/node","","unreviewed"
"internal/node/closed_outer_queued_write_test.go","go-test","internal/node","","unreviewed"
"internal/node/closed_outer_writer.go","production-go","internal/node","protected-wire","first-source-pass"
"internal/node/closed_outer_writer_test.go","go-test","internal/node","","unreviewed"
"internal/node/closed_recipient_network_test.go","go-test","internal/node","","unreviewed"
"internal/node/closed_recipient_window_fixture_test.go","go-test","internal/node","","unreviewed"
"internal/node/closed_recipient_window_test.go","go-test","internal/node","","unreviewed"
"internal/node/closed_resolution_fixture_test.go","go-test","internal/node","","unreviewed"
"internal/node/closed_resolution_listener.go","production-go","internal/node","node-duty","first-source-pass"
"internal/node/closed_resolution_network_test.go","go-test","internal/node","","unreviewed"
"internal/node/closed_resolution_operation.go","production-go","internal/node","node-duty","first-source-pass"
"internal/node/closed_restriction_token_test.go","go-test","internal/node","","unreviewed"
"internal/node/closed_route_receiver.go","production-go","internal/node","node-duty","first-source-pass"
"internal/node/closed_source_prefix_test.go","go-test","internal/node","","unreviewed"
"internal/node/contract.go","production-go","internal/node","node-duty","first-source-pass"
"internal/node/doc.go","production-go","internal/node","node-duty","first-source-pass"
"internal/node/duty_server.go","production-go","internal/node","node-duty","first-source-pass"
"internal/node/event_writer.go","production-go","internal/node","resource-diagnostics","first-source-pass"
"internal/node/event_writer_linux_test.go","go-test","internal/node","","unreviewed"
"internal/node/event_writer_other.go","production-go","internal/node","resource-diagnostics","first-source-pass"
"internal/node/event_writer_test.go","go-test","internal/node","","unreviewed"
"internal/node/event_writer_windows.go","production-go","internal/node","resource-diagnostics","first-source-pass"
"internal/node/fixture_root_linux_test.go","go-test","internal/node","","unreviewed"
"internal/node/fixture_root_test.go","go-test","internal/node","","unreviewed"
"internal/node/identity.go","production-go","internal/node","node-duty","first-source-pass"
"internal/node/identity_test.go","go-test","internal/node","","unreviewed"
"internal/node/lifecycle.go","production-go","internal/node","node-duty","first-source-pass"
"internal/node/lifecycle_test.go","go-test","internal/node","","unreviewed"
"internal/node/local_roles.go","production-go","internal/node","node-duty","first-source-pass"
"internal/node/machine.go","production-go","internal/node","node-duty","first-source-pass"
"internal/node/machine_test.go","go-test","internal/node","","unreviewed"
"internal/node/pressure_test.go","go-test","internal/node","","unreviewed"
"internal/node/probe_contract.go","production-go","internal/node","node-duty","first-source-pass"
"internal/node/probe_credentials.go","production-go","internal/node","node-duty","first-source-pass"
"internal/node/probe_doc.go","production-go","internal/node","node-duty","first-source-pass"
"internal/node/probe_server.go","production-go","internal/node","node-duty","first-source-pass"
"internal/node/probe_server_test.go","go-test","internal/node","","unreviewed"
"internal/node/probe_wire.go","production-go","internal/node","node-duty","first-source-pass"
"internal/node/resource_pressure.go","production-go","internal/node","resource-diagnostics","first-source-pass"
"internal/node/resource_pressure_lifecycle_test.go","go-test","internal/node","","unreviewed"
"internal/node/terminal_cleanup.go","production-go","internal/node","resource-diagnostics","first-source-pass"
"internal/node/terminal_cleanup_test.go","go-test","internal/node","","unreviewed"
"internal/qualification/artifact.go","production-go","internal/qualification","installed qualification shared runtime","package-contract-pass"
"internal/qualification/attachment.go","production-go","internal/qualification","installed qualification shared runtime","package-contract-pass"
"internal/qualification/doc.go","production-go","internal/qualification","installed qualification shared runtime","package-contract-pass"
"internal/qualification/measurements_linux.go","production-go","internal/qualification","installed qualification shared runtime","package-contract-pass"
"internal/qualification/measurements_linux_test.go","go-test","internal/qualification","","unreviewed"
"internal/qualification/run.go","production-go","internal/qualification","installed qualification shared runtime","package-contract-pass"
"internal/qualification/stub_other.go","production-go","internal/qualification","installed qualification shared runtime","package-contract-pass"
"internal/release/bounded_state_io.go","production-go","internal/release","release-floor-durability","package-contract-pass"
"internal/release/bounds_test.go","go-test","internal/release","","unreviewed"
"internal/release/build_safety_boundary_test.go","go-test","internal/release","","unreviewed"
"internal/release/builder_attestation.go","production-go","internal/release","release-decision","package-contract-pass"
"internal/release/cells_test.go","go-test","internal/release","","unreviewed"
"internal/release/doc.go","production-go","internal/release","release-package-contract","package-contract-pass"
"internal/release/durability_nonwindows.go","production-go","internal/release","release-floor-durability","package-contract-pass"
"internal/release/durability_windows.go","production-go","internal/release","release-floor-durability","package-contract-pass"
"internal/release/emergency_threshold.go","production-go","internal/release","release-decision","package-contract-pass"
"internal/release/envelope_preflight.go","production-go","internal/release","release-decision","package-contract-pass"
"internal/release/evaluate.go","production-go","internal/release","release-decision","package-contract-pass"
"internal/release/evaluate_test.go","go-test","internal/release","","unreviewed"
"internal/release/fetcher.go","production-go","internal/release","release-decision","package-contract-pass"
"internal/release/floor_codec.go","production-go","internal/release","release-floor-durability","package-contract-pass"
"internal/release/floor_persistence_test.go","go-test","internal/release","","unreviewed"
"internal/release/floor_publication.go","production-go","internal/release","release-floor-durability","package-contract-pass"
"internal/release/inputs.go","production-go","internal/release","release-decision","package-contract-pass"
"internal/release/lifecycle_matrix_test.go","go-test","internal/release","","unreviewed"
"internal/release/lifecycle_values.go","production-go","internal/release","release-decision","package-contract-pass"
"internal/release/limits.go","production-go","internal/release","release-decision","package-contract-pass"
"internal/release/memory_store_contract_test.go","go-test","internal/release","","unreviewed"
"internal/release/metadata_url.go","production-go","internal/release","release-decision","package-contract-pass"
"internal/release/outcome.go","production-go","internal/release","release-decision","package-contract-pass"
"internal/release/protocol_gate.go","production-go","internal/release","release-decision","package-contract-pass"
"internal/release/public_vector_test.go","go-test","internal/release","","unreviewed"
"internal/release/release_error.go","production-go","internal/release","release-decision","package-contract-pass"
"internal/release/root_archive.go","production-go","internal/release","release-decision","package-contract-pass"
"internal/release/root_policy.go","production-go","internal/release","release-decision","package-contract-pass"
"internal/release/root_rotation.go","production-go","internal/release","release-decision","package-contract-pass"
"internal/release/root_rotation_test.go","go-test","internal/release","","unreviewed"
"internal/release/store.go","production-go","internal/release","release-floor-durability","package-contract-pass"
"internal/release/store_lease.go","production-go","internal/release","release-floor-durability","package-contract-pass"
"internal/release/store_persist.go","production-go","internal/release","release-floor-durability","package-contract-pass"
"internal/release/store_staging.go","production-go","internal/release","release-floor-durability","package-contract-pass"
"internal/release/synced_state_write.go","production-go","internal/release","release-floor-durability","package-contract-pass"
"internal/release/target_artifact.go","production-go","internal/release","release-decision","package-contract-pass"
"internal/release/target_identity.go","production-go","internal/release","release-decision","package-contract-pass"
"internal/release/testdata/r049-public-vector-v1/1.snapshot.json","source-asset","internal/release/testdata/r049-public-vector-v1","","unreviewed"
"internal/release/testdata/r049-public-vector-v1/1.targets.json","source-asset","internal/release/testdata/r049-public-vector-v1","","unreviewed"
"internal/release/testdata/r049-public-vector-v1/README.md","source-asset","internal/release/testdata/r049-public-vector-v1","","unreviewed"
"internal/release/testdata/r049-public-vector-v1/artifact.bin","source-asset","internal/release/testdata/r049-public-vector-v1","","unreviewed"
"internal/release/testdata/r049-public-vector-v1/expected.json","source-asset","internal/release/testdata/r049-public-vector-v1","","unreviewed"
"internal/release/testdata/r049-public-vector-v1/root.json","source-asset","internal/release/testdata/r049-public-vector-v1","","unreviewed"
"internal/release/testdata/r049-public-vector-v1/timestamp.json","source-asset","internal/release/testdata/r049-public-vector-v1","","unreviewed"
"internal/release/testfixtures_keys_test.go","go-test","internal/release","","unreviewed"
"internal/release/testfixtures_options_test.go","go-test","internal/release","","unreviewed"
"internal/release/testfixtures_shape_test.go","go-test","internal/release","","unreviewed"
"internal/release/testfixtures_test.go","go-test","internal/release","","unreviewed"
"internal/release/testhelpers_test.go","go-test","internal/release","","unreviewed"
"internal/release/tuf_client.go","production-go","internal/release","release-decision","package-contract-pass"
"internal/resource/cgroup_path.go","production-go","internal/resource","process-resource-guard","package-contract-pass"
"internal/resource/cgroup_root_linux.go","production-go","internal/resource","process-resource-guard","package-contract-pass"
"internal/resource/cgroup_test.go","go-test","internal/resource","","unreviewed"
"internal/resource/contract.go","production-go","internal/resource","process-resource-guard","package-contract-pass"
"internal/resource/doc.go","production-go","internal/resource","resource-package-contract","package-contract-pass"
"internal/resource/guard_test.go","go-test","internal/resource","","unreviewed"
"internal/resource/hosting_allowance.go","production-go","internal/resource","provider-hosting-ledger","package-contract-pass"
"internal/resource/hosting_counter_linux_test.go","go-test","internal/resource","","unreviewed"
"internal/resource/hosting_ledger.go","production-go","internal/resource","provider-hosting-ledger","package-contract-pass"
"internal/resource/hosting_ledger_linux_test.go","go-test","internal/resource","","unreviewed"
"internal/resource/hosting_platform_linux.go","production-go","internal/resource","provider-hosting-ledger","package-contract-pass"
"internal/resource/hosting_platform_other.go","production-go","internal/resource","provider-hosting-ledger","package-contract-pass"
"internal/resource/hosting_sample.go","production-go","internal/resource","provider-hosting-ledger","package-contract-pass"
"internal/resource/hosting_storage.go","production-go","internal/resource","provider-hosting-ledger","package-contract-pass"
"internal/resource/monitor.go","production-go","internal/resource","process-resource-guard","package-contract-pass"
"internal/resource/owner_cgroup_path_linux.go","production-go","internal/resource","process-resource-guard","package-contract-pass"
"internal/resource/owner_cgroup_path_linux_test.go","go-test","internal/resource","","unreviewed"
"internal/resource/owner_cgroups_linux.go","production-go","internal/resource","process-resource-guard","package-contract-pass"
"internal/resource/owner_cgroups_other.go","production-go","internal/resource","process-resource-guard","package-contract-pass"
"internal/resource/owner_resident_linux.go","production-go","internal/resource","process-resource-guard","package-contract-pass"
"internal/resource/owner_resident_linux_test.go","go-test","internal/resource","","unreviewed"
"internal/resource/placement_linux.go","production-go","internal/resource","process-resource-guard","package-contract-pass"
"internal/resource/placement_other.go","production-go","internal/resource","process-resource-guard","package-contract-pass"
"internal/resource/sample_linux.go","production-go","internal/resource","process-resource-guard","package-contract-pass"
"internal/resource/sample_other.go","production-go","internal/resource","process-resource-guard","package-contract-pass"
"internal/resource/socket_descriptor.go","production-go","internal/resource","process-resource-guard","package-contract-pass"
"internal/resource/socket_descriptor_test.go","go-test","internal/resource","","unreviewed"
"internal/resource/storage.go","production-go","internal/resource","process-resource-guard","package-contract-pass"
"internal/resource/storage_test.go","go-test","internal/resource","","unreviewed"
"internal/resource/unsupported_other_test.go","go-test","internal/resource","","unreviewed"
"internal/route/ardp/bootstrap_linux.go","production-go","internal/route/ardp","protected-wire","first-source-pass"
"internal/route/ardp/doc.go","production-go","internal/route/ardp","protected-wire","first-source-pass"
"internal/route/ardp/frame.go","production-go","internal/route/ardp","protected-wire","first-source-pass"
"internal/route/ardp/frame_linux_test.go","go-test","internal/route/ardp","","unreviewed"
"internal/route/capsule/capsule.go","production-go","internal/route/capsule","protected-wire","first-source-pass"
"internal/route/capsule/capsule_test.go","go-test","internal/route/capsule","","unreviewed"
"internal/route/capsule/crypto_linux.go","production-go","internal/route/capsule","protected-wire","first-source-pass"
"internal/route/capsule/doc.go","production-go","internal/route/capsule","protected-wire","first-source-pass"
"internal/route/capsule/plaintext.go","production-go","internal/route/capsule","protected-wire","first-source-pass"
"internal/route/capsule/plaintext_linux.go","production-go","internal/route/capsule","protected-wire","first-source-pass"
"internal/route/capsule/submission.go","production-go","internal/route/capsule","protected-wire","first-source-pass"
"internal/route/closed_accept_deadline_test.go","go-test","internal/route","","unreviewed"
"internal/route/closed_adjacent_domains_test.go","go-test","internal/route","","unreviewed"
"internal/route/closed_admission_channel.go","production-go","internal/route","receiving-spend","behavior-source-traced"
"internal/route/closed_admission_channel_test.go","go-test","internal/route","","unreviewed"
"internal/route/closed_admission_claim_test.go","go-test","internal/route","","unreviewed"
"internal/route/closed_bootstrap.go","production-go","internal/route","client-path","first-source-pass"
"internal/route/closed_bootstrap_exchange.go","production-go","internal/route","client-path","first-source-pass"
"internal/route/closed_bootstrap_forwarding_test.go","go-test","internal/route","","unreviewed"
"internal/route/closed_bootstrap_plan.go","production-go","internal/route","client-path","first-source-pass"
"internal/route/closed_bootstrap_stream_test.go","go-test","internal/route","","unreviewed"
"internal/route/closed_bootstrap_test.go","go-test","internal/route","","unreviewed"
"internal/route/closed_carrier_pool.go","production-go","internal/route","carrier","first-source-pass"
"internal/route/closed_carrier_pool_operation_test.go","go-test","internal/route","","unreviewed"
"internal/route/closed_carrier_pool_test.go","go-test","internal/route","","unreviewed"
"internal/route/closed_carrier_retirement.go","production-go","internal/route","carrier","first-source-pass"
"internal/route/closed_carrier_retirement_test.go","go-test","internal/route","","unreviewed"
"internal/route/closed_control_capacity.go","production-go","internal/route","receiving-spend","first-source-pass"
"internal/route/closed_control_capacity_test.go","go-test","internal/route","","unreviewed"
"internal/route/closed_duty_control_queue.go","production-go","internal/route","receiving-spend","first-source-pass"
"internal/route/closed_duty_limits.go","production-go","internal/route","receiving-spend","first-source-pass"
"internal/route/closed_duty_limits_test.go","go-test","internal/route","","unreviewed"
"internal/route/closed_forwarding_budget.go","production-go","internal/route","protected-wire","first-source-pass"
"internal/route/closed_forwarding_bytes_test.go","go-test","internal/route","","unreviewed"
"internal/route/closed_forwarding_channel.go","production-go","internal/route","protected-wire","first-source-pass"
"internal/route/closed_forwarding_channel_test.go","go-test","internal/route","","unreviewed"
"internal/route/closed_forwarding_control_budget_test.go","go-test","internal/route","","unreviewed"
"internal/route/closed_forwarding_reverse.go","production-go","internal/route","protected-wire","first-source-pass"
"internal/route/closed_introduction_cancel_test.go","go-test","internal/route","","unreviewed"
"internal/route/closed_introduction_client.go","production-go","internal/route","client-path","first-source-pass"
"internal/route/closed_introduction_delivery.go","production-go","internal/route","protected-wire","first-source-pass"
"internal/route/closed_introduction_delivery_test.go","go-test","internal/route","","unreviewed"
"internal/route/closed_introduction_end_reason_test.go","go-test","internal/route","","unreviewed"
"internal/route/closed_join_accept.go","production-go","internal/route","protected-wire","first-source-pass"
"internal/route/closed_join_admission_test.go","go-test","internal/route","","unreviewed"
"internal/route/closed_join_client.go","production-go","internal/route","client-path","behavior-source-traced"
"internal/route/closed_join_client_deadline_test.go","go-test","internal/route","","unreviewed"
"internal/route/closed_join_client_stream.go","production-go","internal/route","client-path","behavior-source-traced"
"internal/route/closed_join_client_stream_test.go","go-test","internal/route","","unreviewed"
"internal/route/closed_join_close_boundary_test.go","go-test","internal/route","","unreviewed"
"internal/route/closed_join_credit_overlap_test.go","go-test","internal/route","","unreviewed"
"internal/route/closed_join_credit_terminal_test.go","go-test","internal/route","","unreviewed"
"internal/route/closed_join_pairing.go","production-go","internal/route","receiving-spend","first-source-pass"
"internal/route/closed_join_pairing_test.go","go-test","internal/route","","unreviewed"
"internal/route/closed_join_replenishment.go","production-go","internal/route","receiving-spend","first-source-pass"
"internal/route/closed_join_replenishment_test.go","go-test","internal/route","","unreviewed"
"internal/route/closed_join_simultaneous_close_test.go","go-test","internal/route","","unreviewed"
"internal/route/closed_join_stream.go","production-go","internal/route","protected-wire","first-source-pass"
"internal/route/closed_join_stream_test.go","go-test","internal/route","","unreviewed"
"internal/route/closed_nested_terminal_priority_test.go","go-test","internal/route","","unreviewed"
"internal/route/closed_node_carrier.go","production-go","internal/route","carrier","first-source-pass"
"internal/route/closed_node_carrier_test.go","go-test","internal/route","","unreviewed"
"internal/route/closed_node_open.go","production-go","internal/route","protected-wire","first-source-pass"
"internal/route/closed_node_open_test.go","go-test","internal/route","","unreviewed"
"internal/route/closed_outer_admission.go","production-go","internal/route","protected-wire","first-source-pass"
"internal/route/closed_outer_admission_test.go","go-test","internal/route","","unreviewed"
"internal/route/closed_outer_backpressure_test.go","go-test","internal/route","","unreviewed"
"internal/route/closed_outer_bridge.go","production-go","internal/route","protected-wire","first-source-pass"
"internal/route/closed_outer_bridge_shutdown.go","production-go","internal/route","protected-wire","first-source-pass"
"internal/route/closed_outer_bridge_shutdown_test.go","go-test","internal/route","","unreviewed"
"internal/route/closed_outer_bridge_test.go","go-test","internal/route","","unreviewed"
"internal/route/closed_outer_bridge_transition_test.go","go-test","internal/route","","unreviewed"
"internal/route/closed_outer_handshake.go","production-go","internal/route","protected-wire","first-source-pass"
"internal/route/closed_outer_handshake_admission_test.go","go-test","internal/route","","unreviewed"
"internal/route/closed_outer_handshake_test.go","go-test","internal/route","","unreviewed"
"internal/route/closed_outer_retention_test.go","go-test","internal/route","","unreviewed"
"internal/route/closed_outer_write.go","production-go","internal/route","protected-wire","first-source-pass"
"internal/route/closed_purpose_assignment.go","production-go","internal/route","protected-wire","first-source-pass"
"internal/route/closed_purpose_assignment_test.go","go-test","internal/route","","unreviewed"
"internal/route/closed_recipient_inspection.go","production-go","internal/route","client-path","first-source-pass"
"internal/route/closed_role_address_test.go","go-test","internal/route","","unreviewed"
"internal/route/closed_role_carrier.go","production-go","internal/route","carrier","first-source-pass"
"internal/route/closed_role_carrier_client_linux.go","production-go","internal/route","carrier","first-source-pass"
"internal/route/closed_role_carrier_test.go","go-test","internal/route","","unreviewed"
"internal/route/closed_role_child_stream.go","production-go","internal/route","protected-wire","first-source-pass"
"internal/route/closed_role_credit_deadline_test.go","go-test","internal/route","","unreviewed"
"internal/route/closed_role_tls.go","production-go","internal/route","protected-wire","first-source-pass"
"internal/route/closed_role_tls_client_linux.go","production-go","internal/route","protected-wire","first-source-pass"
"internal/route/closed_role_tls_test.go","go-test","internal/route","","unreviewed"
"internal/route/closed_shared_address_test.go","go-test","internal/route","","unreviewed"
"internal/route/closed_shared_carrier.go","production-go","internal/route","carrier","first-source-pass"
"internal/route/closed_shared_carrier_test.go","go-test","internal/route","","unreviewed"
"internal/route/closed_shared_idle_test.go","go-test","internal/route","","unreviewed"
"internal/route/closed_shared_restart_test.go","go-test","internal/route","","unreviewed"
"internal/route/closed_shared_timeout_test.go","go-test","internal/route","","unreviewed"
"internal/route/closed_source_bytes_test.go","go-test","internal/route","","unreviewed"
"internal/route/closed_source_capacity.go","production-go","internal/route","client-path","first-source-pass"
"internal/route/closed_source_channels.go","production-go","internal/route","client-path","first-source-pass"
"internal/route/closed_source_channels_test.go","go-test","internal/route","","unreviewed"
"internal/route/closed_source_close_boundary_test.go","go-test","internal/route","","unreviewed"
"internal/route/closed_source_control.go","production-go","internal/route","client-path","first-source-pass"
"internal/route/closed_source_credit_cleanup_test.go","go-test","internal/route","","unreviewed"
"internal/route/closed_source_credit_close_test.go","go-test","internal/route","","unreviewed"
"internal/route/closed_source_failure_test.go","go-test","internal/route","","unreviewed"
"internal/route/closed_source_issuance.go","production-go","internal/route","client-path","first-source-pass"
"internal/route/closed_source_lane.go","production-go","internal/route","client-path","first-source-pass"
"internal/route/closed_source_lane_close.go","production-go","internal/route","client-path","first-source-pass"
"internal/route/closed_source_lane_read.go","production-go","internal/route","client-path","first-source-pass"
"internal/route/closed_source_lane_witness.go","production-go","internal/route","client-path","first-source-pass"
"internal/route/closed_source_lane_write.go","production-go","internal/route","client-path","first-source-pass"
"internal/route/closed_source_lifetime.go","production-go","internal/route","client-path","first-source-pass"
"internal/route/closed_source_lifetime_test.go","go-test","internal/route","","unreviewed"
"internal/route/closed_source_nested_retirement_test.go","go-test","internal/route","","unreviewed"
"internal/route/closed_source_prefix.go","production-go","internal/route","client-path","first-source-pass"
"internal/route/closed_source_prefix_test.go","go-test","internal/route","","unreviewed"
"internal/route/closed_source_queue.go","production-go","internal/route","client-path","first-source-pass"
"internal/route/closed_source_replenishment.go","production-go","internal/route","client-path","first-source-pass"
"internal/route/closed_source_replenishment_test.go","go-test","internal/route","","unreviewed"
"internal/route/closed_source_resolution.go","production-go","internal/route","client-path","first-source-pass"
"internal/route/closed_source_resolution_test.go","go-test","internal/route","","unreviewed"
"internal/route/closed_source_stop_test.go","go-test","internal/route","","unreviewed"
"internal/route/closed_source_submission.go","production-go","internal/route","client-path","first-source-pass"
"internal/route/closed_tcp_retirement_test.go","go-test","internal/route","","unreviewed"
"internal/route/closed_tcp_transport.go","production-go","internal/route","carrier","first-source-pass"
"internal/route/closed_terminal_lane_operation_test.go","go-test","internal/route","","unreviewed"
"internal/route/closed_terminal_priority_linux.go","production-go","internal/route","protected-wire","first-source-pass"
"internal/route/closed_terminal_recipient.go","production-go","internal/route","protected-wire","first-source-pass"
"internal/route/credential/blindrsa_baseline_test.go","go-test","internal/route/credential","","unreviewed"
"internal/route/credential/client.go","production-go","internal/route/credential","permission-issuance","first-source-pass"
"internal/route/credential/closed_issuer_root.go","production-go","internal/route/credential","permission-issuance","first-source-pass"
"internal/route/credential/closed_issuer_root_test.go","go-test","internal/route/credential","","unreviewed"
"internal/route/credential/closed_token_admitted.go","production-go","internal/route/credential","permission-issuance","behavior-source-traced"
"internal/route/credential/closed_token_batch.go","production-go","internal/route/credential","permission-issuance","first-source-pass"
"internal/route/credential/closed_token_batch_client_linux.go","production-go","internal/route/credential","permission-issuance","first-source-pass"
"internal/route/credential/closed_token_batch_test.go","go-test","internal/route/credential","","unreviewed"
"internal/route/credential/closed_token_bootstrap.go","production-go","internal/route/credential","permission-issuance","first-source-pass"
"internal/route/credential/closed_token_challenge.go","production-go","internal/route/credential","permission-issuance","first-source-pass"
"internal/route/credential/closed_token_challenge_test.go","go-test","internal/route/credential","","unreviewed"
"internal/route/credential/closed_token_finalization_linux.go","production-go","internal/route/credential","permission-issuance","first-source-pass"
"internal/route/credential/closed_token_issuer.go","production-go","internal/route/credential","permission-issuance","behavior-source-traced"
"internal/route/credential/closed_token_issuer_conversion.go","production-go","internal/route/credential","permission-issuance","first-source-pass"
"internal/route/credential/closed_token_issuer_ledger.go","production-go","internal/route/credential","permission-issuance","behavior-source-traced"
"internal/route/credential/closed_token_issuer_ledger_test.go","go-test","internal/route/credential","","unreviewed"
"internal/route/credential/closed_token_issuer_observation_test.go","go-test","internal/route/credential","","unreviewed"
"internal/route/credential/closed_token_issuer_recovery_test.go","go-test","internal/route/credential","","unreviewed"
"internal/route/credential/closed_token_issuer_test.go","go-test","internal/route/credential","","unreviewed"
"internal/route/credential/closed_token_key.go","production-go","internal/route/credential","permission-issuance","first-source-pass"
"internal/route/credential/closed_token_listener.go","production-go","internal/route/credential","permission-issuance","first-source-pass"
"internal/route/credential/closed_token_listener_fixture_test.go","go-test","internal/route/credential","","unreviewed"
"internal/route/credential/closed_token_listener_shutdown_test.go","go-test","internal/route/credential","","unreviewed"
"internal/route/credential/closed_token_listener_test.go","go-test","internal/route/credential","","unreviewed"
"internal/route/credential/closed_token_operation.go","production-go","internal/route/credential","permission-issuance","first-source-pass"
"internal/route/credential/closed_token_outcome.go","production-go","internal/route/credential","permission-issuance","first-source-pass"
"internal/route/credential/closed_token_outcome_client_linux.go","production-go","internal/route/credential","permission-issuance","first-source-pass"
"internal/route/credential/closed_token_outcome_test.go","go-test","internal/route/credential","","unreviewed"
"internal/route/credential/closed_token_tls_observation_test.go","go-test","internal/route/credential","","unreviewed"
"internal/route/credential/closed_token_verify.go","production-go","internal/route/credential","permission-issuance","first-source-pass"
"internal/route/credential/contract.go","production-go","internal/route/credential","permission-issuance","first-source-pass"
"internal/route/credential/doc.go","production-go","internal/route/credential","permission-issuance","first-source-pass"
"internal/route/credential/issuer_root_files.go","production-go","internal/route/credential","permission-issuance","first-source-pass"
"internal/route/credential/issuer_root_lock_unix.go","production-go","internal/route/credential","permission-issuance","first-source-pass"
"internal/route/credential/issuer_root_lock_windows.go","production-go","internal/route/credential","permission-issuance","first-source-pass"
"internal/route/credential/issuer_root_permissions_unix.go","production-go","internal/route/credential","permission-issuance","first-source-pass"
"internal/route/credential/issuer_root_permissions_windows.go","production-go","internal/route/credential","permission-issuance","first-source-pass"
"internal/route/credential/issuer_root_sync_unix.go","production-go","internal/route/credential","permission-issuance","first-source-pass"
"internal/route/credential/issuer_root_sync_windows.go","production-go","internal/route/credential","permission-issuance","first-source-pass"
"internal/route/credential/message.go","production-go","internal/route/credential","permission-issuance","first-source-pass"
"internal/route/credential/permission.go","production-go","internal/route/credential","permission-issuance","first-source-pass"
"internal/route/credential/permission_request.go","production-go","internal/route/credential","permission-issuance","first-source-pass"
"internal/route/credential/permission_request_client_linux.go","production-go","internal/route/credential","permission-issuance","behavior-source-traced"
"internal/route/credential/permission_request_test.go","go-test","internal/route/credential","","unreviewed"
"internal/route/credential/permission_test.go","go-test","internal/route/credential","","unreviewed"
"internal/route/credential/profile.go","production-go","internal/route/credential","permission-issuance","first-source-pass"
"internal/route/credential_relay_io.go","production-go","internal/route","protected-wire","first-source-pass"
"internal/route/credential_relay_setup.go","production-go","internal/route","protected-wire","first-source-pass"
"internal/route/credential_relay_test.go","go-test","internal/route","","unreviewed"
"internal/route/doc.go","production-go","internal/route","protected-wire","first-source-pass"
"internal/route/endpoint_literal.go","production-go","internal/route","protected-wire","first-source-pass"
"internal/route/endpoint_transit_attachment.go","production-go","internal/route","client-path","first-source-pass"
"internal/route/endpoint_transit_attachment_test.go","go-test","internal/route","","unreviewed"
"internal/route/endpoint_transit_binding.go","production-go","internal/route","client-path","first-source-pass"
"internal/route/endpoint_transit_binding_test.go","go-test","internal/route","","unreviewed"
"internal/route/entry_attachment.go","production-go","internal/route","client-path","first-source-pass"
"internal/route/entry_attachment_test.go","go-test","internal/route","","unreviewed"
"internal/route/entry_binding.go","production-go","internal/route","client-path","first-source-pass"
"internal/route/entry_binding_test.go","go-test","internal/route","","unreviewed"
"internal/route/introduction_control_io.go","production-go","internal/route","protected-wire","first-source-pass"
"internal/route/introduction_control_io_test.go","go-test","internal/route","","unreviewed"
"internal/route/introduction_outcome.go","production-go","internal/route","protected-wire","first-source-pass"
"internal/route/introduction_outcome_io.go","production-go","internal/route","protected-wire","first-source-pass"
"internal/route/introduction_outcome_test.go","go-test","internal/route","","unreviewed"
"internal/route/introduction_slot_registration.go","production-go","internal/route","protected-wire","first-source-pass"
"internal/route/introduction_slot_registration_test.go","go-test","internal/route","","unreviewed"
"internal/route/native_attachment.go","production-go","internal/route","protected-wire","first-source-pass"
"internal/route/native_attachment_test.go","go-test","internal/route","","unreviewed"
"internal/route/node_binding.go","production-go","internal/route","compatibility","first-source-pass"
"internal/route/node_binding_test.go","go-test","internal/route","","unreviewed"
"internal/route/node_carrier.go","production-go","internal/route","carrier","first-source-pass"
"internal/route/node_carrier_quic.go","production-go","internal/route","carrier","first-source-pass"
"internal/route/replay/doc.go","production-go","internal/route/replay","receiving-spend","first-source-pass"
"internal/route/replay/introduction_slots.go","production-go","internal/route/replay","receiving-spend","first-source-pass"
"internal/route/replay/introduction_slots_test.go","go-test","internal/route/replay","","unreviewed"
"internal/route/replay/lease_unix.go","production-go","internal/route/replay","receiving-spend","first-source-pass"
"internal/route/replay/lease_windows.go","production-go","internal/route/replay","receiving-spend","first-source-pass"
"internal/route/replay/spend_failure_containment_test.go","go-test","internal/route/replay","","unreviewed"
"internal/route/replay/spend_ledger.go","production-go","internal/route/replay","receiving-spend","behavior-source-traced"
"internal/route/replay/spend_ledger_test.go","go-test","internal/route/replay","","unreviewed"
"internal/route/replay/sync_unix.go","production-go","internal/route/replay","receiving-spend","first-source-pass"
"internal/route/replay/sync_windows.go","production-go","internal/route/replay","receiving-spend","first-source-pass"
"internal/route/route_binding_v1.go","production-go","internal/route","compatibility","first-source-pass"
"internal/route/route_binding_v1_test.go","go-test","internal/route","","unreviewed"
"internal/route/sealed_introduction.go","production-go","internal/route","protected-wire","first-source-pass"
"internal/route/sealed_introduction_test.go","go-test","internal/route","","unreviewed"
"internal/route/terminal/descriptor.go","production-go","internal/route/terminal","protected-wire","first-source-pass"
"internal/route/terminal/descriptor_client_linux.go","production-go","internal/route/terminal","protected-wire","first-source-pass"
"internal/route/terminal/descriptor_test.go","go-test","internal/route/terminal","","unreviewed"
"internal/route/terminal/doc.go","production-go","internal/route/terminal","protected-wire","first-source-pass"
"internal/route/terminal/issuance.go","production-go","internal/route/terminal","protected-wire","first-source-pass"
"internal/route/terminal/issuance_client_linux.go","production-go","internal/route/terminal","protected-wire","first-source-pass"
"internal/route/terminal/issuance_test.go","go-test","internal/route/terminal","","unreviewed"
"internal/route/terminal/join.go","production-go","internal/route/terminal","protected-wire","first-source-pass"
"internal/route/terminal/join_client_linux.go","production-go","internal/route/terminal","protected-wire","first-source-pass"
"internal/route/terminal/join_test.go","go-test","internal/route/terminal","","unreviewed"
"internal/route/terminal/registration.go","production-go","internal/route/terminal","protected-wire","first-source-pass"
"internal/route/terminal/registration_encoding_linux.go","production-go","internal/route/terminal","protected-wire","first-source-pass"
"internal/route/terminal/registration_test.go","go-test","internal/route/terminal","","unreviewed"
"internal/route/tls_adapter.go","production-go","internal/route","carrier","first-source-pass"
"internal/route/transit_grant.go","production-go","internal/route","client-path","first-source-pass"
"internal/route/transit_grant_test.go","go-test","internal/route","","unreviewed"
"internal/route/wire_encoding.go","production-go","internal/route","protected-wire","first-source-pass"
"internal/service/connection/context.go","production-go","internal/service/connection","service-connection","first-source-pass"
"internal/service/connection/continuity_exchange.go","production-go","internal/service/connection","service-connection","first-source-pass"
"internal/service/connection/continuity_exchange_test.go","go-test","internal/service/connection","","unreviewed"
"internal/service/connection/contract.go","production-go","internal/service/connection","service-connection","behavior-source-traced"
"internal/service/connection/doc.go","production-go","internal/service/connection","service-connection","first-source-pass"
"internal/service/connection/initial_authentication.go","production-go","internal/service/connection","service-connection","behavior-source-traced"
"internal/service/connection/initial_authentication_test.go","go-test","internal/service/connection","","unreviewed"
"internal/service/connection/initial_receipt.go","production-go","internal/service/connection","service-connection","first-source-pass"
"internal/service/connection/initial_terminal_receipt_test.go","go-test","internal/service/connection","","unreviewed"
"internal/service/connection/name_origin.go","production-go","internal/service/connection","service-connection","first-source-pass"
"internal/service/connection/name_origin_test.go","go-test","internal/service/connection","","unreviewed"
"internal/service/connection/protected_context.go","production-go","internal/service/connection","service-connection","first-source-pass"
"internal/service/connection/record.go","production-go","internal/service/connection","service-connection","first-source-pass"
"internal/service/connection/record_test.go","go-test","internal/service/connection","","unreviewed"
"internal/service/connection/stream_bounded.go","production-go","internal/service/connection","service-connection","first-source-pass"
"internal/service/connection/stream_bounded_limits_test.go","go-test","internal/service/connection","","unreviewed"
"internal/service/connection/stream_completion_linux.go","production-go","internal/service/connection","service-connection","first-source-pass"
"internal/service/connection/stream_contract.go","production-go","internal/service/connection","service-connection","behavior-source-traced"
"internal/service/connection/stream_data_replay.go","production-go","internal/service/connection","service-connection","first-source-pass"
"internal/service/connection/stream_data_replay_order_test.go","go-test","internal/service/connection","","unreviewed"
"internal/service/connection/stream_data_replay_test.go","go-test","internal/service/connection","","unreviewed"
"internal/service/connection/stream_frame_recovery_test.go","go-test","internal/service/connection","","unreviewed"
"internal/service/connection/stream_idle_recovery_test.go","go-test","internal/service/connection","","unreviewed"
"internal/service/connection/stream_lifecycle.go","production-go","internal/service/connection","service-connection","behavior-source-traced"
"internal/service/connection/stream_receive.go","production-go","internal/service/connection","service-connection","first-source-pass"
"internal/service/connection/stream_recovery.go","production-go","internal/service/connection","service-connection","behavior-source-traced"
"internal/service/connection/stream_recovery_cancellation_test.go","go-test","internal/service/connection","","unreviewed"
"internal/service/connection/stream_send.go","production-go","internal/service/connection","service-connection","first-source-pass"
"internal/service/connection/stream_state_test.go","go-test","internal/service/connection","","unreviewed"
"internal/service/connection/stream_support.go","production-go","internal/service/connection","service-connection","first-source-pass"
"internal/service/connection/stream_terminal_confirmation_recovery_test.go","go-test","internal/service/connection","","unreviewed"
"internal/service/connection/stream_terminal_recovery_test.go","go-test","internal/service/connection","","unreviewed"
"internal/service/connection/stream_terminal_replay.go","production-go","internal/service/connection","service-connection","first-source-pass"
"internal/service/connection/stream_terminal_tail.go","production-go","internal/service/connection","service-connection","first-source-pass"
"internal/service/connection/stream_terminal_tail_retirement_test.go","go-test","internal/service/connection","","unreviewed"
"internal/service/instance/access_nonwindows.go","production-go","internal/service/instance","service-identity","first-source-pass"
"internal/service/instance/access_windows.go","production-go","internal/service/instance","service-identity","first-source-pass"
"internal/service/instance/contract.go","production-go","internal/service/instance","service-identity","first-source-pass"
"internal/service/instance/doc.go","production-go","internal/service/instance","service-identity","first-source-pass"
"internal/service/instance/durability_nonwindows.go","production-go","internal/service/instance","service-identity","first-source-pass"
"internal/service/instance/durability_windows.go","production-go","internal/service/instance","service-identity","first-source-pass"
"internal/service/instance/lifecycle.go","production-go","internal/service/instance","service-identity","behavior-source-traced"
"internal/service/instance/lifecycle_test.go","go-test","internal/service/instance","","unreviewed"
"internal/service/instance/lock_nonwindows.go","production-go","internal/service/instance","service-identity","first-source-pass"
"internal/service/instance/lock_windows.go","production-go","internal/service/instance","service-identity","first-source-pass"
"internal/service/instance/private_introduction.go","production-go","internal/service/instance","service-identity","first-source-pass"
"internal/service/instance/private_recipient.go","production-go","internal/service/instance","service-identity","first-source-pass"
"internal/service/instance/private_recipient_capture_test.go","go-test","internal/service/instance","","unreviewed"
"internal/service/instance/private_recipient_test.go","go-test","internal/service/instance","","unreviewed"
"internal/service/instance/request.go","production-go","internal/service/instance","service-identity","first-source-pass"
"internal/service/instance/response.go","production-go","internal/service/instance","service-identity","behavior-source-traced"
"internal/service/instance/root.go","production-go","internal/service/instance","service-identity","behavior-source-traced"
"internal/service/instance/root_test.go","go-test","internal/service/instance","","unreviewed"
"internal/service/instance/state.go","production-go","internal/service/instance","service-identity","behavior-source-traced"
"internal/service/instance/storage.go","production-go","internal/service/instance","service-identity","behavior-source-traced"
"internal/service/publication/contract.go","production-go","internal/service/publication","publication-discovery","first-source-pass"
"internal/service/publication/credential.go","production-go","internal/service/publication","publication-discovery","first-source-pass"
"internal/service/publication/doc.go","production-go","internal/service/publication","publication-discovery","first-source-pass"
"internal/service/publication/introduction_instruction.go","production-go","internal/service/publication","publication-discovery","first-source-pass"
"internal/service/publication/introduction_instruction_test.go","go-test","internal/service/publication","","unreviewed"
"internal/service/publication/lock_nonwindows.go","production-go","internal/service/publication","publication-discovery","first-source-pass"
"internal/service/publication/lock_windows.go","production-go","internal/service/publication","publication-discovery","first-source-pass"
"internal/service/publication/publication.go","production-go","internal/service/publication","publication-discovery","first-source-pass"
"internal/service/publication/publication_test.go","go-test","internal/service/publication","","unreviewed"
"internal/service/publication/publication_withdrawal_failure_linux_test.go","go-test","internal/service/publication","","unreviewed"
"internal/service/publication/readiness.go","production-go","internal/service/publication","publication-discovery","first-source-pass"
"internal/service/publication/readiness_test.go","go-test","internal/service/publication","","unreviewed"
"internal/service/publication/root.go","production-go","internal/service/publication","publication-discovery","first-source-pass"
"internal/service/reachability/contract.go","production-go","internal/service/reachability","publication-discovery","first-source-pass"
"internal/service/reachability/descriptor.go","production-go","internal/service/reachability","publication-discovery","first-source-pass"
"internal/service/reachability/descriptor_test.go","go-test","internal/service/reachability","","unreviewed"
"internal/service/reachability/direct_redirect_test.go","go-test","internal/service/reachability","","unreviewed"
"internal/service/reachability/doc.go","production-go","internal/service/reachability","publication-discovery","first-source-pass"
"internal/service/reachability/gateway_profile.go","production-go","internal/service/reachability","publication-discovery","first-source-pass"
"internal/service/reachability/gateway_profile_test.go","go-test","internal/service/reachability","","unreviewed"
"internal/service/reachability/private_client.go","production-go","internal/service/reachability","publication-discovery","first-source-pass"
"internal/service/reachability/private_descriptor.go","production-go","internal/service/reachability","publication-discovery","first-source-pass"
"internal/service/reachability/private_descriptor_encoding_linux.go","production-go","internal/service/reachability","publication-discovery","first-source-pass"
"internal/service/reachability/private_descriptor_issuance_linux.go","production-go","internal/service/reachability","publication-discovery","first-source-pass"
"internal/service/reachability/private_descriptor_test.go","go-test","internal/service/reachability","","unreviewed"
"internal/service/reachability/private_descriptor_wire.go","production-go","internal/service/reachability","publication-discovery","first-source-pass"
"internal/service/reachability/private_gateway.go","production-go","internal/service/reachability","publication-discovery","first-source-pass"
"internal/service/reachability/private_gateway_test.go","go-test","internal/service/reachability","","unreviewed"
"internal/service/reachability/private_relay.go","production-go","internal/service/reachability","publication-discovery","first-source-pass"
"internal/service/reachability/private_store.go","production-go","internal/service/reachability","publication-discovery","first-source-pass"
"internal/service/reachability/private_store_capacity_test.go","go-test","internal/service/reachability","","unreviewed"
"internal/service/reachability/private_store_conflict_expiry_test.go","go-test","internal/service/reachability","","unreviewed"
"internal/service/reachability/private_store_failure_test.go","go-test","internal/service/reachability","","unreviewed"
"internal/service/reachability/private_store_test.go","go-test","internal/service/reachability","","unreviewed"
"internal/service/reachability/private_wire.go","production-go","internal/service/reachability","publication-discovery","first-source-pass"
"internal/service/reachability/private_wire_test.go","go-test","internal/service/reachability","","unreviewed"
"internal/service/reachability/redirect_certificate_test.go","go-test","internal/service/reachability","","unreviewed"
"internal/service/reachability/store.go","production-go","internal/service/reachability","publication-discovery","first-source-pass"
"internal/service/reachability/store_files.go","production-go","internal/service/reachability","publication-discovery","first-source-pass"
"internal/service/reachability/store_lock_nonwindows.go","production-go","internal/service/reachability","publication-discovery","first-source-pass"
"internal/service/reachability/store_lock_windows.go","production-go","internal/service/reachability","publication-discovery","first-source-pass"
"internal/service/reachability/store_root.go","production-go","internal/service/reachability","publication-discovery","first-source-pass"
"internal/service/reachability/store_sync_nonwindows.go","production-go","internal/service/reachability","publication-discovery","first-source-pass"
"internal/service/reachability/store_sync_windows.go","production-go","internal/service/reachability","publication-discovery","first-source-pass"
"internal/service/reachability/store_test.go","go-test","internal/service/reachability","","unreviewed"
"internal/service/targetlink/doc.go","production-go","internal/service/targetlink","publication-discovery","first-source-pass"
"internal/service/targetlink/target_link.go","production-go","internal/service/targetlink","publication-discovery","first-source-pass"
"internal/service/targetlink/target_link_test.go","go-test","internal/service/targetlink","","unreviewed"
"packaging/alpha-bundle/README.md","packaging","packaging/alpha-bundle","","unreviewed"
"packaging/alpha-bundle/build.sh","packaging","packaging/alpha-bundle","","unreviewed"
"packaging/alpha-bundle/test.sh","packaging","packaging/alpha-bundle","","unreviewed"
"packaging/stream-qualification-worker/50-ardents-stream-qualification.rules","packaging","packaging/stream-qualification-worker","","unreviewed"
"packaging/stream-qualification-worker/README.md","packaging","packaging/stream-qualification-worker","","unreviewed"
"packaging/stream-qualification-worker/ardents-endpoint.service","packaging","packaging/stream-qualification-worker","","unreviewed"
"packaging/stream-qualification-worker/ardents-stream-qualification-publisher.socket","packaging","packaging/stream-qualification-worker","","unreviewed"
"packaging/stream-qualification-worker/ardents-stream-qualification-publisher@.service","packaging","packaging/stream-qualification-worker","","unreviewed"
"packaging/stream-qualification-worker/ardents-stream-qualification-reader.socket","packaging","packaging/stream-qualification-worker","","unreviewed"
"packaging/stream-qualification-worker/ardents-stream-qualification-reader@.service","packaging","packaging/stream-qualification-worker","","unreviewed"
"packaging/stream-qualification-worker/install.py","packaging","packaging/stream-qualification-worker","","unreviewed"
"packaging/stream-qualification-worker/install_endpoint.py","packaging","packaging/stream-qualification-worker","","unreviewed"
"packaging/text-worker/50-ardents-text.rules","packaging","packaging/text-worker","","unreviewed"
"packaging/text-worker/ardents-text-publisher.socket","packaging","packaging/text-worker","","unreviewed"
"packaging/text-worker/ardents-text-publisher@.service","packaging","packaging/text-worker","","unreviewed"
"packaging/text-worker/ardents-text-reader.socket","packaging","packaging/text-worker","","unreviewed"
"packaging/text-worker/ardents-text-reader@.service","packaging","packaging/text-worker","","unreviewed"
"packaging/text-worker/ardents-text.conf","packaging","packaging/text-worker","","unreviewed"
"packaging/ubuntu-deb/README.md","packaging","packaging/ubuntu-deb","","unreviewed"
"packaging/ubuntu-deb/build.sh","packaging","packaging/ubuntu-deb","","unreviewed"
"scripts/check-deadcode.go","developer-tool-go","scripts","","unreviewed"
"scripts/check-tools.go","developer-tool-go","scripts","","unreviewed"
"scripts/enrollment-artifact-name.go","developer-tool-go","scripts","","unreviewed"
"scripts/install-git-hooks.sh","script","scripts","","unreviewed"
"scripts/run-fuzz-targets.go","developer-tool-go","scripts","","unreviewed"
"scripts/run-issue60-checks.go","developer-tool-go","scripts","","unreviewed"
"scripts/select-pr-check-registry.go","developer-tool-go","scripts","","unreviewed"
"scripts/select-pr-checks.go","developer-tool-go","scripts","","unreviewed"
"tests/compatibility/browser-endpoint-v4/README.md","test-asset","tests/compatibility/browser-endpoint-v4","","unreviewed"
"tests/compatibility/browser-endpoint-v4/endpoint/alpha_browser_proxy.go.txt","test-asset","tests/compatibility/browser-endpoint-v4/endpoint","","unreviewed"
"tests/compatibility/browser-endpoint-v4/endpoint/alpha_browser_resolution.go.txt","test-asset","tests/compatibility/browser-endpoint-v4/endpoint","","unreviewed"
"tests/compatibility/browser-endpoint-v4/endpoint/alpha_browser_resolution_connection_test.go.txt","test-asset","tests/compatibility/browser-endpoint-v4/endpoint","","unreviewed"
"tests/compatibility/browser-endpoint-v4/endpoint/alpha_browser_resolution_test.go.txt","test-asset","tests/compatibility/browser-endpoint-v4/endpoint","","unreviewed"
"tests/compatibility/browser-endpoint-v4/endpoint/alpha_browser_runtime_test.go.txt","test-asset","tests/compatibility/browser-endpoint-v4/endpoint","","unreviewed"
"tests/compatibility/browser-endpoint-v4/endpoint/browser_compatibility_disabled.go.txt","test-asset","tests/compatibility/browser-endpoint-v4/endpoint","","unreviewed"
"tests/compatibility/browser-endpoint-v4/endpoint/browser_compatibility_evidence.go.txt","test-asset","tests/compatibility/browser-endpoint-v4/endpoint","","unreviewed"
"tests/compatibility/browser-endpoint-v4/endpoint/firefox_browser.go.txt","test-asset","tests/compatibility/browser-endpoint-v4/endpoint","","unreviewed"
"tests/compatibility/browser-endpoint-v4/endpoint/firefox_browser_nonwindows.go.txt","test-asset","tests/compatibility/browser-endpoint-v4/endpoint","","unreviewed"
"tests/compatibility/browser-endpoint-v4/endpoint/firefox_browser_qualification_test.go.txt","test-asset","tests/compatibility/browser-endpoint-v4/endpoint","","unreviewed"
"tests/compatibility/browser-endpoint-v4/endpoint/firefox_browser_test.go.txt","test-asset","tests/compatibility/browser-endpoint-v4/endpoint","","unreviewed"
"tests/compatibility/browser-endpoint-v4/endpoint/firefox_browser_windows.go.txt","test-asset","tests/compatibility/browser-endpoint-v4/endpoint","","unreviewed"
"tests/compatibility/browser-endpoint-v4/endpoint/reference_connection.go.txt","test-asset","tests/compatibility/browser-endpoint-v4/endpoint","","unreviewed"
"tests/compatibility/browser-endpoint-v4/endpoint/reference_connection_test.go.txt","test-asset","tests/compatibility/browser-endpoint-v4/endpoint","","unreviewed"
"tests/compatibility/browser-endpoint-v4/endpoint/reference_failure_test.go.txt","test-asset","tests/compatibility/browser-endpoint-v4/endpoint","","unreviewed"
"tests/compatibility/browser-endpoint-v4/endpoint/reference_presentation.go.txt","test-asset","tests/compatibility/browser-endpoint-v4/endpoint","","unreviewed"
"tests/compatibility/browser-endpoint-v4/endpoint/reference_presentation_test.go.txt","test-asset","tests/compatibility/browser-endpoint-v4/endpoint","","unreviewed"
"tests/compatibility/browser-endpoint-v4/endpoint/user_reference_session.go.txt","test-asset","tests/compatibility/browser-endpoint-v4/endpoint","","unreviewed"
"tests/compatibility/browser-endpoint-v4/endpoint/user_reference_site.go.txt","test-asset","tests/compatibility/browser-endpoint-v4/endpoint","","unreviewed"
"tests/compatibility/browser-endpoint-v4/qualification/h4-4-signed-firefox/README.md","test-asset","tests/compatibility/browser-endpoint-v4/qualification/h4-4-signed-firefox","","unreviewed"
"tests/compatibility/browser-endpoint-v4/qualification/h4-4-signed-firefox/run-windows.ps1","test-asset","tests/compatibility/browser-endpoint-v4/qualification/h4-4-signed-firefox","","unreviewed"
"tests/compatibility/browser-endpoint-v4/qualification/h4-4a-firefox/README.md","test-asset","tests/compatibility/browser-endpoint-v4/qualification/h4-4a-firefox","","unreviewed"
"tests/compatibility/browser-endpoint-v4/qualification/h4-4a-firefox/run-maintained-browser-entry.ps1","test-asset","tests/compatibility/browser-endpoint-v4/qualification/h4-4a-firefox","","unreviewed"
"tests/compatibility/browser-endpoint-v4/qualification/h4-4a-firefox/run-windows.ps1","test-asset","tests/compatibility/browser-endpoint-v4/qualification/h4-4a-firefox","","unreviewed"
"tests/e2e/endpoint/README.md","test-asset","tests/e2e/endpoint","","unreviewed"
"tests/e2e/endpoint/alpha_control_endpoint_live_process_unix_test.go","go-test","tests/e2e/endpoint","","unreviewed"
"tests/e2e/endpoint/alpha_control_endpoint_process_unix_test.go","go-test","tests/e2e/endpoint","","unreviewed"
"tests/e2e/endpoint/alpha_control_fixture_encoding_unix_test.go","go-test","tests/e2e/endpoint","","unreviewed"
"tests/e2e/endpoint/alpha_control_reader_process_unix_test.go","go-test","tests/e2e/endpoint","","unreviewed"
"tests/e2e/endpoint/alpha_control_transition_process_unix_test.go","go-test","tests/e2e/endpoint","","unreviewed"
"tests/e2e/endpoint/doc.go","test-fixture-go","tests/e2e/endpoint","","unreviewed"
"tests/e2e/endpoint/enrolled_runtime_process_unix_test.go","go-test","tests/e2e/endpoint","","unreviewed"
"tests/e2e/endpoint/enrollment_process_test.go","go-test","tests/e2e/endpoint","","unreviewed"
"tests/e2e/endpoint/installed_package_process_unix_test.go","go-test","tests/e2e/endpoint","","unreviewed"
"tests/e2e/endpoint/process_stderr_buffer_unix_test.go","go-test","tests/e2e/endpoint","","unreviewed"
"tests/e2e/endpoint/replacement_process_unix_test.go","go-test","tests/e2e/endpoint","","unreviewed"
"tests/e2e/endpoint/ubuntu_portable_replacement_qualification_linux_test.go","go-test","tests/e2e/endpoint","","unreviewed"
"tests/e2e/endpoint/ubuntu_portable_replacement_qualification_nonlinux_test.go","go-test","tests/e2e/endpoint","","unreviewed"
"tests/e2e/endpoint/ubuntu_portable_user_unit_qualification_linux_test.go","go-test","tests/e2e/endpoint","","unreviewed"
"tests/e2e/endpoint/ubuntu_portable_user_unit_qualification_nonlinux_test.go","go-test","tests/e2e/endpoint","","unreviewed"
"tests/e2e/network-source/dynamic_fixture_test.go","go-test","tests/e2e/network-source","","unreviewed"
"tests/e2e/network-source/network_fixture_contract_test.go","go-test","tests/e2e/network-source","","unreviewed"
"tests/e2e/network-source/network_fixture_encoding_test.go","go-test","tests/e2e/network-source","","unreviewed"
"tests/e2e/network-source/network_fixture_epoch_encoding_test.go","go-test","tests/e2e/network-source","","unreviewed"
"tests/e2e/network-source/network_fixture_epoch_test.go","go-test","tests/e2e/network-source","","unreviewed"
"tests/e2e/network-source/network_fixture_record_test.go","go-test","tests/e2e/network-source","","unreviewed"
"tests/e2e/network-source/source_process_test.go","go-test","tests/e2e/network-source","","unreviewed"
"tests/e2e/network-source/testdata/README.md","test-asset","tests/e2e/network-source/testdata","","unreviewed"
"tests/e2e/node/README.md","test-asset","tests/e2e/node","","unreviewed"
"tests/e2e/node/closed_command_execution_installed_linux_test.go","go-test","tests/e2e/node","","unreviewed"
"tests/e2e/node/closed_custody_command_linux_test.go","go-test","tests/e2e/node","","unreviewed"
"tests/e2e/node/closed_custody_terminal_linux_test.go","go-test","tests/e2e/node","","unreviewed"
"tests/e2e/node/closed_issuer_provisioning_test.go","go-test","tests/e2e/node","","unreviewed"
"tests/e2e/node/closed_issuer_runtime_test.go","go-test","tests/e2e/node","","unreviewed"
"tests/e2e/node/closed_process_exchange_linux_test.go","go-test","tests/e2e/node","","unreviewed"
"tests/e2e/node/closed_process_exchange_nonlinux_test.go","go-test","tests/e2e/node","","unreviewed"
"tests/e2e/node/closed_service_command_installed_linux_test.go","go-test","tests/e2e/node","","unreviewed"
"tests/e2e/node/closed_source_process_test.go","go-test","tests/e2e/node","","unreviewed"
"tests/e2e/node/closed_state_provisioning_test.go","go-test","tests/e2e/node","","unreviewed"
"tests/e2e/node/closed_text_command_installed_linux_test.go","go-test","tests/e2e/node","","unreviewed"
"tests/e2e/node/closed_text_refresh_installed_linux_test.go","go-test","tests/e2e/node","","unreviewed"
"tests/e2e/node/closed_text_source_installed_linux_test.go","go-test","tests/e2e/node","","unreviewed"
"tests/e2e/node/command_fixture_test.go","go-test","tests/e2e/node","","unreviewed"
"tests/e2e/node/dynamic_fixture_test.go","go-test","tests/e2e/node","","unreviewed"
"tests/e2e/node/fixturecommand/netem-relay/configuration.go","test-fixture-go","tests/e2e/node/fixturecommand/netem-relay","","unreviewed"
"tests/e2e/node/fixturecommand/netem-relay/configuration_test.go","go-test","tests/e2e/node/fixturecommand/netem-relay","","unreviewed"
"tests/e2e/node/fixturecommand/netem-relay/doc.go","test-fixture-go","tests/e2e/node/fixturecommand/netem-relay","","unreviewed"
"tests/e2e/node/fixturecommand/netem-relay/main.go","test-fixture-go","tests/e2e/node/fixturecommand/netem-relay","","unreviewed"
"tests/e2e/node/fixturecommand/netem-relay/relay.go","test-fixture-go","tests/e2e/node/fixturecommand/netem-relay","","unreviewed"
"tests/e2e/node/fixturecommand/netem-relay/relay_test.go","go-test","tests/e2e/node/fixturecommand/netem-relay","","unreviewed"
"tests/e2e/node/fixturecommand/netem-relay/traffic_receipt.go","test-fixture-go","tests/e2e/node/fixturecommand/netem-relay","","unreviewed"
"tests/e2e/node/fixturecommand/netem-relay/udp_relay.go","test-fixture-go","tests/e2e/node/fixturecommand/netem-relay","","unreviewed"
"tests/e2e/node/lifecycle_process_test.go","go-test","tests/e2e/node","","unreviewed"
"tests/e2e/node/network_fixture_contract_test.go","go-test","tests/e2e/node","","unreviewed"
"tests/e2e/node/network_fixture_encoding_test.go","go-test","tests/e2e/node","","unreviewed"
"tests/e2e/node/network_fixture_epoch_encoding_test.go","go-test","tests/e2e/node","","unreviewed"
"tests/e2e/node/network_fixture_epoch_test.go","go-test","tests/e2e/node","","unreviewed"
"tests/e2e/node/network_fixture_record_test.go","go-test","tests/e2e/node","","unreviewed"
"tests/e2e/node/node_event_collection_test.go","go-test","tests/e2e/node","","unreviewed"
"tests/e2e/node/process_credentials_test.go","go-test","tests/e2e/node","","unreviewed"
"tests/e2e/node/source_plan_fixture_test.go","go-test","tests/e2e/node","","unreviewed"
"tests/e2e/service/README.md","test-asset","tests/e2e/service","","unreviewed"
"tests/e2e/service/custody_response_publication_linux_test.go","go-test","tests/e2e/service","","unreviewed"
"tests/e2e/service/fixturecommand/publish-app/doc.go","test-fixture-go","tests/e2e/service/fixturecommand/publish-app","","unreviewed"
"tests/e2e/service/fixturecommand/publish-app/main.go","test-fixture-go","tests/e2e/service/fixturecommand/publish-app","","unreviewed"
"tests/e2e/service/fixturecommand/publish-app/main_test.go","go-test","tests/e2e/service/fixturecommand/publish-app","","unreviewed"
"tests/e2e/service/fixturecommand/stream-app/direct.go","test-fixture-go","tests/e2e/service/fixturecommand/stream-app","","unreviewed"
"tests/e2e/service/fixturecommand/stream-app/doc.go","test-fixture-go","tests/e2e/service/fixturecommand/stream-app","","unreviewed"
"tests/e2e/service/fixturecommand/stream-app/main.go","test-fixture-go","tests/e2e/service/fixturecommand/stream-app","","unreviewed"
"tests/e2e/service/fixturecommand/stream-app/main_test.go","go-test","tests/e2e/service/fixturecommand/stream-app","","unreviewed"
"tests/e2e/service/fixturecommand/stream-app/seed.go","test-fixture-go","tests/e2e/service/fixturecommand/stream-app","","unreviewed"
"tests/e2e/service/fixturecommand/stream-app/stream_bounds.go","test-fixture-go","tests/e2e/service/fixturecommand/stream-app","","unreviewed"
"tests/e2e/service/fixturecommand/stream-app/workload_direct.go","test-fixture-go","tests/e2e/service/fixturecommand/stream-app","","unreviewed"
"tests/e2e/service/fixturecommand/stream-app/workload_direct_test.go","go-test","tests/e2e/service/fixturecommand/stream-app","","unreviewed"
"tests/e2e/service/fixturecommand/stream-app/workload_direct_timed.go","test-fixture-go","tests/e2e/service/fixturecommand/stream-app","","unreviewed"
"tests/e2e/service/fixturecommand/stream-app/workload_exchange.go","test-fixture-go","tests/e2e/service/fixturecommand/stream-app","","unreviewed"
"tests/e2e/service/fixturecommand/stream-app/workload_exchange_test.go","go-test","tests/e2e/service/fixturecommand/stream-app","","unreviewed"
"tests/e2e/service/fixturecommand/stream-app/workload_generator.go","test-fixture-go","tests/e2e/service/fixturecommand/stream-app","","unreviewed"
"tests/e2e/service/fixturecommand/stream-app/workload_short_corpus.go","test-fixture-go","tests/e2e/service/fixturecommand/stream-app","","unreviewed"
"tests/e2e/service/fixturecommand/stream-app/workload_short_corpus_test.go","go-test","tests/e2e/service/fixturecommand/stream-app","","unreviewed"
"tests/e2e/service/headless_instance_acquisition_process_test.go","go-test","tests/e2e/service","","unreviewed"
"tests/e2e/service/interactive_product_process_test.go","go-test","tests/e2e/service","","unreviewed"
"tests/e2e/service/interactive_product_terminal_linux_test.go","go-test","tests/e2e/service","","unreviewed"
"tests/e2e/service/interactive_product_terminal_nonlinux_test.go","go-test","tests/e2e/service","","unreviewed"
"tests/e2e/service/product_command_support_test.go","go-test","tests/e2e/service","","unreviewed"
"tests/epochfixture/assignment/assignment.go","test-fixture-go","tests/epochfixture/assignment","","unreviewed"
"tests/epochfixture/merkle/commitment.go","test-fixture-go","tests/epochfixture/merkle","","unreviewed"
"tests/epochfixture/network/contract.go","test-fixture-go","tests/epochfixture/network","","unreviewed"
"tests/epochfixture/network/doc.go","test-fixture-go","tests/epochfixture/network","","unreviewed"
"tests/epochfixture/network/encoding.go","test-fixture-go","tests/epochfixture/network","","unreviewed"
"tests/epochfixture/network/epoch.go","test-fixture-go","tests/epochfixture/network","","unreviewed"
"tests/epochfixture/network/epoch_encoding.go","test-fixture-go","tests/epochfixture/network","","unreviewed"
"tests/epochfixture/network/network_test.go","go-test","tests/epochfixture/network","","unreviewed"
"tests/epochfixture/network/record.go","test-fixture-go","tests/epochfixture/network","","unreviewed"
"tests/profiles/deadcode-allowlist.json","test-asset","tests/profiles","","unreviewed"
"tests/profiles/deterministic-packages.txt","test-asset","tests/profiles","","unreviewed"
"tests/profiles/headless-commands.txt","test-asset","tests/profiles","","unreviewed"
"tests/profiles/process-packages.txt","test-asset","tests/profiles","","unreviewed"
"tests/profiles/profiles.json","test-asset","tests/profiles","","unreviewed"
"tests/profiles/text-worker-commands.txt","test-asset","tests/profiles","","unreviewed"
"tests/qualification/endpoint-portable-ubuntu/README.md","test-asset","tests/qualification/endpoint-portable-ubuntu","","unreviewed"
"tests/qualification/endpoint-portable-ubuntu/run-ubuntu.sh","test-asset","tests/qualification/endpoint-portable-ubuntu","","unreviewed"
"tests/qualification/endpoint-replacement-ubuntu/README.md","test-asset","tests/qualification/endpoint-replacement-ubuntu","","unreviewed"
"tests/qualification/endpoint-replacement-ubuntu/run-ubuntu.sh","test-asset","tests/qualification/endpoint-replacement-ubuntu","","unreviewed"
"tests/qualification/net32-idle-one-host/README.md","test-asset","tests/qualification/net32-idle-one-host","","unreviewed"
"tests/qualification/net32-idle-one-host/run-windows.ps1","test-asset","tests/qualification/net32-idle-one-host","","unreviewed"
"tests/qualification/service-credential-response-linux/README.md","test-asset","tests/qualification/service-credential-response-linux","","unreviewed"
"tests/qualification/service-credential-response-linux/run-ubuntu.sh","test-asset","tests/qualification/service-credential-response-linux","","unreviewed"
"tests/qualification/stream-network-two-host/README.md","test-asset","tests/qualification/stream-network-two-host","","unreviewed"
"tests/qualification/stream-network-two-host/admission-window.ps1","test-asset","tests/qualification/stream-network-two-host","","unreviewed"
"tests/qualification/stream-network-two-host/canonical-json-instant.ps1","test-asset","tests/qualification/stream-network-two-host","","unreviewed"
"tests/qualification/stream-network-two-host/clock_observer.py","test-asset","tests/qualification/stream-network-two-host","","unreviewed"
"tests/qualification/stream-network-two-host/fixturecommand/qualification-network/contract.go","test-fixture-go","tests/qualification/stream-network-two-host/fixturecommand/qualification-network","","unreviewed"
"tests/qualification/stream-network-two-host/fixturecommand/qualification-network/doc.go","test-fixture-go","tests/qualification/stream-network-two-host/fixturecommand/qualification-network","","unreviewed"
"tests/qualification/stream-network-two-host/fixturecommand/qualification-network/files.go","test-fixture-go","tests/qualification/stream-network-two-host/fixturecommand/qualification-network","","unreviewed"
"tests/qualification/stream-network-two-host/fixturecommand/qualification-network/fixture.go","test-fixture-go","tests/qualification/stream-network-two-host/fixturecommand/qualification-network","","unreviewed"
"tests/qualification/stream-network-two-host/fixturecommand/qualification-network/main.go","test-fixture-go","tests/qualification/stream-network-two-host/fixturecommand/qualification-network","","unreviewed"
"tests/qualification/stream-network-two-host/fixturecommand/qualification-network/main_test.go","go-test","tests/qualification/stream-network-two-host/fixturecommand/qualification-network","","unreviewed"
"tests/qualification/stream-network-two-host/fixturecommand/qualification-network/manifest.go","test-fixture-go","tests/qualification/stream-network-two-host/fixturecommand/qualification-network","","unreviewed"
"tests/qualification/stream-network-two-host/fixturecommand/qualification-network/participant_plans.go","test-fixture-go","tests/qualification/stream-network-two-host/fixturecommand/qualification-network","","unreviewed"
"tests/qualification/stream-network-two-host/fixturecommand/qualification-network/provisioning.go","test-fixture-go","tests/qualification/stream-network-two-host/fixturecommand/qualification-network","","unreviewed"
"tests/qualification/stream-network-two-host/fixturecommand/qualification-network/runtime_plans.go","test-fixture-go","tests/qualification/stream-network-two-host/fixturecommand/qualification-network","","unreviewed"
"tests/qualification/stream-network-two-host/fixturecommand/qualification-network/selection.go","test-fixture-go","tests/qualification/stream-network-two-host/fixturecommand/qualification-network","","unreviewed"
"tests/qualification/stream-network-two-host/fixturecommand/qualification-network/selection_test.go","go-test","tests/qualification/stream-network-two-host/fixturecommand/qualification-network","","unreviewed"
"tests/qualification/stream-network-two-host/fixturecommand/qualification-network/source_credentials.go","test-fixture-go","tests/qualification/stream-network-two-host/fixturecommand/qualification-network","","unreviewed"
"tests/qualification/stream-network-two-host/generate-windows.ps1","test-asset","tests/qualification/stream-network-two-host","","unreviewed"
"tests/qualification/stream-network-two-host/node_owner_samples.py","test-asset","tests/qualification/stream-network-two-host","","unreviewed"
"tests/qualification/stream-network-two-host/prepare-windows.ps1","test-asset","tests/qualification/stream-network-two-host","","unreviewed"
"tests/qualification/stream-network-two-host/recovery_faults.py","test-asset","tests/qualification/stream-network-two-host","","unreviewed"
"tests/qualification/stream-network-two-host/relay_owner_samples.py","test-asset","tests/qualification/stream-network-two-host","","unreviewed"
"tests/qualification/stream-network-two-host/run-matrix-windows.ps1","test-asset","tests/qualification/stream-network-two-host","","unreviewed"
"tests/qualification/stream-network-two-host/run-windows.ps1","test-asset","tests/qualification/stream-network-two-host","","unreviewed"
"tests/qualification/stream-network-two-host/verify-net14v-windows.ps1","test-asset","tests/qualification/stream-network-two-host","","unreviewed"
"tests/qualification/text-command-network/README.md","test-asset","tests/qualification/text-command-network","","unreviewed"
"tests/qualification/text-command-network/build-candidate.sh","test-asset","tests/qualification/text-command-network","","unreviewed"
"tests/qualification/text-command-network/run-ubuntu.sh","test-asset","tests/qualification/text-command-network","","unreviewed"
"tests/qualification/text-worker-escape/README.md","test-asset","tests/qualification/text-worker-escape","","unreviewed"
"tests/qualification/text-worker-escape/run-ubuntu.sh","test-asset","tests/qualification/text-worker-escape","","unreviewed"
"tests/qualification/text-worker-lifecycle/README.md","test-asset","tests/qualification/text-worker-lifecycle","","unreviewed"
"tests/qualification/text-worker-lifecycle/run-ubuntu.sh","test-asset","tests/qualification/text-worker-lifecycle","","unreviewed"
"tests/qualification/text-worker-network/README.md","test-asset","tests/qualification/text-worker-network","","unreviewed"
"tests/qualification/text-worker-network/run-ubuntu.sh","test-asset","tests/qualification/text-worker-network","","unreviewed"
"tests/qualification/text-worker-policy/README.md","test-asset","tests/qualification/text-worker-policy","","unreviewed"
"tests/qualification/text-worker-policy/run-ubuntu.sh","test-asset","tests/qualification/text-worker-policy","","unreviewed"
"tests/qualification/text-worker-recovery/README.md","test-asset","tests/qualification/text-worker-recovery","","unreviewed"
"tests/qualification/text-worker-recovery/run-ubuntu.sh","test-asset","tests/qualification/text-worker-recovery","","unreviewed"
"tests/qualification/text-worker-tree/README.md","test-asset","tests/qualification/text-worker-tree","","unreviewed"
"tests/qualification/text-worker-tree/run-ubuntu.sh","test-asset","tests/qualification/text-worker-tree","","unreviewed"
